final_classification,cbs_species_definition,primary_survey_type,taxonomic_id,taxonomic_source,kingdom,phylum,class,order,family,genus,species,rank,species_lump,species_lump_taxonomic_id
abietinaria spp; amphisbetia spp,abietinaria spp; amphisbetia spp,point contact,117225,World Register of Marine Species:  www.marinespecies.org,Animalia,Cnidaria,Hydrozoa,Leptothecata,Sertulariidae,Abietinaria,NULL,3,Abietinaria/Amphisbetia spp,1614
acanthancora cyanocrypta,hymenamphiastra cyanocrypta,point contact,169126,World Register of Marine Species:  www.marinespecies.org,Animalia,Porifera,Demospongiae,Poecilosclerida,Hymedesmiidae,Acanthancora,Acanthancora cyanocrypta,4,Acanthancora cyanocrypta,169126
acanthinucella paucilirata,acanthina paucilirata,quadrat,404468,World Register of Marine Species:  www.marinespecies.org,Animalia,Mollusca,Gastropoda,Neogastropoda,Muricidae,Acanthinucella,Acanthinucella paucilirata,3,Acanthinucella paucilirata,404468
acanthinucella spirata; acanthinucella punctulata,acanthinucella spirata; acanthinucella punctulata,quadrat,403857,World Register of Marine Species:  www.marinespecies.org,Animalia,Mollusca,Gastropoda,Neogastropoda,Muricidae,Acanthinucella,NULL,1,Acanthinucella spirata/punctulata,403857
acarnus erithacus,acarnus erithacus,point contact,167343,World Register of Marine Species:  www.marinespecies.org,Animalia,Porifera,Demospongiae,Poecilosclerida,Acarnidae,Acarnus,Acarnus erithacus,4,Acarnus erithacus,167343
acmaea mitra,acmaea mitra,quadrat,456582,World Register of Marine Species:  www.marinespecies.org,Animalia,Mollusca,Gastropoda,NULL,Acmaeidae,Acmaea,Acmaea mitra,2,Acmaea mitra,456582
acrochaetium spp,acrochaetium spp,NA,143799,World Register of Marine Species:  www.marinespecies.org,Plantae,(Division) Rhodophyta,Florideophyceae,Acrochaetiales,Acrochaetiaceae,Acrochaetium,NULL,5,Acrochaetium spp,143799
acrosiphonia arcta,acrosiphonia arcta,point contact,144407,World Register of Marine Species:  www.marinespecies.org,Plantae,(Division) Chlorophyta,Chlorophyceae,Acrosiphoniales,Acrosiphoniaceae,Acrosiphonia,Acrosiphonia arcta,4,Acrosiphonia/Cladophora spp,1304953
acrosiphonia spp,acrosiphonia spp,point contact,143803,World Register of Marine Species:  www.marinespecies.org,Plantae,(Division) Chlorophyta,Chlorophyceae,Acrosiphoniales,Acrosiphoniaceae,Acrosiphonia,NULL,2,Acrosiphonia/Cladophora spp,1304953
acrosiphonia spp; cladophora spp,acrosiphonia spp; cladophora spp,point contact,146216,World Register of Marine Species:  www.marinespecies.org,Plantae,(Division) Chlorophyta,Ulvophyceae,NULL,NULL,NULL,NULL,4,Acrosiphonia/Cladophora spp,1304953
acrosorium ciliolatum,acrosorium ciliolatum,point contact,295874,World Register of Marine Species:  www.marinespecies.org,Plantae,(Division) Rhodophyta,Florideophyceae,Ceramiales,Delesseriaceae,Acrosorium,Acrosorium ciliolatum,3,Acrosorium spp,143875
acrosorium spp,acrosorium spp,NA,143875,World Register of Marine Species:  www.marinespecies.org,Plantae,(Division) Rhodophyta,Florideophyceae,Ceramiales,Delesseriaceae,Acrosorium,NULL,5,Acrosorium spp,143875
adula spp; lithophaga spp,adula spp; lithophaga spp,point contact,211,World Register of Marine Species:  www.marinespecies.org,Animalia,Mollusca,Bivalvia,Mytilida,Mytilidae,NULL,NULL,4,Adula/Lithophaga spp,211
aeolidia loui,aeolidia loui,quadrat,880372,World Register of Marine Species:  www.marinespecies.org,Animalia,Mollusca,Gastropoda,Nudibranchia,Aeolidiidae,Aeolidia,Aeolidia loui,3,Aeolidia loui,880372
aeolidia papillosa,aeolidia papillosa,quadrat,138709,World Register of Marine Species:  www.marinespecies.org,Animalia,Mollusca,Gastropoda,Nudibranchia,Aeolidiidae,Aeolidia,Aeolidia papillosa,3,Aeolidia papillosa,138709
aeolidia spp,aeolidia spp,NA,137630,World Register of Marine Species:  www.marinespecies.org,Animalia,Mollusca,Gastropoda,Nudibranchia,Aeolidiidae,Aeolidia,NULL,5,Aeolidia spp,137630
agathistoma eiseni,tegula eiseni,quadrat,1780762,World Register of Marine Species:  www.marinespecies.org,Animalia,Mollusca,Gastropoda,Trochida,Tegulidae,Agathistoma,Agathistoma eiseni,1,Agathistoma eiseni,1780762
aglaophenia spp,aglaophenia spp,point contact,116999,World Register of Marine Species:  www.marinespecies.org,Animalia,Cnidaria,Hydrozoa,Leptothecata,Aglaopheniidae,Aglaophenia,NULL,3,Aglaophenia spp,116999
aglaothamnion spp,aglaothamnion spp,point contact,143825,World Register of Marine Species:  www.marinespecies.org,Plantae,(Division) Rhodophyta,Florideophyceae,Ceramiales,Callithamniaceae,Aglaothamnion,NULL,4,Aglaothamnion spp,143825
ahnfeltia fastigiata,ahnfeltia fastigiata,point contact,372235,World Register of Marine Species:  www.marinespecies.org,Plantae,(Division) Rhodophyta,Florideophyceae,Ahnfeltiales,Ahnfeltiaceae,Ahnfeltia,Ahnfeltia fastigiata,3,Ahnfeltia fastigiata,372235
ahnfeltiopsis gigartinoides,ahnfeltiopsis gigartinoides,point contact,372232,World Register of Marine Species:  www.marinespecies.org,Plantae,(Division) Rhodophyta,Florideophyceae,Gigartinales,Phyllophoraceae,Ahnfeltiopsis,Ahnfeltiopsis gigartinoides,4,Ahnfeltiopsis gigartinoides,372232
ahnfeltiopsis linearis,ahnfeltiopsis linearis,point contact,372234,World Register of Marine Species:  www.marinespecies.org,Plantae,(Division) Rhodophyta,Florideophyceae,Gigartinales,Phyllophoraceae,Ahnfeltiopsis,Ahnfeltiopsis linearis,3,Ahnfeltiopsis linearis,372234
ahnfeltiopsis spp; ahnfeltia spp,ahnfeltiopsis spp; ahnfeltia spp,point contact,368670,World Register of Marine Species:  www.marinespecies.org,Plantae,(Division) Rhodophyta,Florideophyceae,NULL,NULL,NULL,NULL,4,DROP,NA
alaria marginata,alaria marginata,point contact,371791,World Register of Marine Species:  www.marinespecies.org,Chromista,Ochrophyta,Phaeophyceae,Laminariales,Alariaceae,Alaria,Alaria marginata,1,Alaria marginata,371791
alcyonidiidae,alcyonidiidae,point contact,110783,World Register of Marine Species:  www.marinespecies.org,Animalia,Bryozoa,Gymnolaemata,Ctenostomatida,Alcyonidiidae,NULL,NULL,4,Alcyonidiidae,110783
alia spp,alia spp,quadrat,512256,World Register of Marine Species:  www.marinespecies.org,Animalia,Mollusca,Gastropoda,Neogastropoda,Columbellidae,Alia,NULL,1,Alia spp,512256
amphipholis squamata,amphipholis squamata,quadrat,125064,World Register of Marine Species:  www.marinespecies.org,Animalia,Echinodermata,Ophiuroidea,Amphilepidida,Amphiuridae,Amphipholis,Amphipholis squamata,4,Ophiuroidea,123084
amphiroa beauvoisii,amphiroa beauvoisii,point contact,145097,World Register of Marine Species:  www.marinespecies.org,Plantae,(Division) Rhodophyta,Florideophyceae,Corallinales,Lithophyllaceae,Amphiroa,Amphiroa beauvoisii,3,Amphiroa beauvoisii,145097
amphisbetia greenei,amphisbetia greenei,point contact,1358362,World Register of Marine Species:  www.marinespecies.org,Animalia,Cnidaria,Hydrozoa,Leptothecata,Sertulariidae,Amphisbetia,Amphisbetia greenei,4,Abietinaria/Amphisbetia spp,1614
amphissa columbiana,amphissa columbiana,quadrat,511361,World Register of Marine Species:  www.marinespecies.org,Animalia,Mollusca,Gastropoda,Neogastropoda,Columbellidae,Amphissa,Amphissa columbiana,2,Amphissa columbiana,511361
amphissa spp,amphissa spp,NA,137801,World Register of Marine Species:  www.marinespecies.org,Animalia,Mollusca,Gastropoda,Neogastropoda,Columbellidae,Amphissa,NULL,5,Amphissa spp,137801
amphissa versicolor,amphissa versicolor,quadrat,511364,World Register of Marine Species:  www.marinespecies.org,Animalia,Mollusca,Gastropoda,Neogastropoda,Columbellidae,Amphissa,Amphissa versicolor,2,Amphissa versicolor,511364
analipus japonicus,analipus japonicus,point contact,371891,World Register of Marine Species:  www.marinespecies.org,Chromista,Ochrophyta,Phaeophyceae,Ralfsiales,Ralfsiaceae,Analipus,Analipus japonicus,1,Analipus japonicus,371891
anisocladella pacifica,anisocladella pacifica,point contact,373900,World Register of Marine Species:  www.marinespecies.org,Plantae,(Division) Rhodophyta,Florideophyceae,Ceramiales,Delesseriaceae,Anisocladella,Anisocladella pacifica,3,Anisocladella pacifica,373900
anthopleura artemisia,anthopleura artemisia,point contact,283337,World Register of Marine Species:  www.marinespecies.org,Animalia,Cnidaria,Hexacorallia,Actiniaria,Actiniidae,Anthopleura,Anthopleura artemisia,3,Anthopleura artemisia,283337
anthopleura elegantissima,anthopleura elegantissima,point contact,283347,World Register of Marine Species:  www.marinespecies.org,Animalia,Cnidaria,Hexacorallia,Actiniaria,Actiniidae,Anthopleura,Anthopleura elegantissima,1,Anthopleura elegantissima,283347
anthopleura mariae,anthopleura mariae,point contact,1471947,World Register of Marine Species:  www.marinespecies.org,Animalia,Cnidaria,Hexacorallia,Actiniaria,Actiniidae,Anthopleura,Anthopleura mariae,3,Anthopleura mariae,445308
anthopleura sola,anthopleura sola,point contact,240753,World Register of Marine Species:  www.marinespecies.org,Animalia,Cnidaria,Hexacorallia,Actiniaria,Actiniidae,Anthopleura,Anthopleura sola,1,Anthopleura sola,240753
anthopleura spp,anthopleura spp,NA,100696,World Register of Marine Species:  www.marinespecies.org,Animalia,Cnidaria,Hexacorallia,Actiniaria,Actiniidae,Anthopleura,NULL,5,Anthopleura spp,100696
anthopleura xanthogrammica,anthopleura xanthogrammica,point contact,283377,World Register of Marine Species:  www.marinespecies.org,Animalia,Cnidaria,Hexacorallia,Actiniaria,Actiniidae,Anthopleura,Anthopleura xanthogrammica,1,Anthopleura xanthogrammica,283377
antiopella barbarensis,antiopella barbarensis,quadrat,575288,World Register of Marine Species:  www.marinespecies.org,Animalia,Mollusca,Gastropoda,Nudibranchia,Janolidae,Antiopella,Antiopella barbarensis,4,Antiopella barbarensis,575288
antiopella fusca,antiopella fusca,quadrat,1340034,World Register of Marine Species:  www.marinespecies.org,Animalia,Mollusca,Gastropoda,Nudibranchia,Janolidae,Antiopella,Antiopella fusca,4,Antiopella fusca,1340034
antithamnionella spp,antithamnionella spp,point contact,143828,World Register of Marine Species:  www.marinespecies.org,Plantae,(Division) Rhodophyta,Florideophyceae,Ceramiales,Ceramiaceae,Antithamnionella,NULL,3,Antithamnionella spp,143828
antithamnion spp,antithamnion spp,point contact,370362,World Register of Marine Species:  www.marinespecies.org,Plantae,(Division) Rhodophyta,Florideophyceae,Ceramiales,Ceramiaceae,Antithamnion,NULL,4,Antithamnion spp,143827
aplidium arenatum; aplidium propinquum,aplidium arenatum; aplidium propinquum,point contact,103471,World Register of Marine Species:  www.marinespecies.org,Animalia,Chordata,Ascidiacea,Aplousobranchia,Polyclinidae,Aplidium,NULL,3,Aplidium spp,103471
aplidium californicum; aplidium solidum,aplidium californicum; aplidium solidum,point contact,103471,World Register of Marine Species:  www.marinespecies.org,Animalia,Chordata,Ascidiacea,Aplousobranchia,Polyclinidae,Aplidium,NULL,3,Aplidium spp,103471
aplidium spp,aplidium spp,point contact,103471,World Register of Marine Species:  www.marinespecies.org,Animalia,Chordata,Ascidiacea,Aplousobranchia,Polyclinidae,Aplidium,NULL,5,Aplidium spp,103471
aplysia californica,aplysia californica,quadrat,240765,World Register of Marine Species:  www.marinespecies.org,Animalia,Mollusca,Gastropoda,Aplysiida,Aplysiidae,Aplysia,Aplysia californica,2,Aplysia californica,240765
aplysia vaccaria,aplysia vaccaria,quadrat,568031,World Register of Marine Species:  www.marinespecies.org,Animalia,Mollusca,Gastropoda,Aplysiida,Aplysiidae,Aplysia,Aplysia vaccaria,3,Aplysia vaccaria,568031
aplysilla glacialis,aplysilla glacialis,point contact,132295,World Register of Marine Species:  www.marinespecies.org,Animalia,Porifera,Demospongiae,Dendroceratida,Darwinellidae,Aplysilla,Aplysilla glacialis,3,Aplysilla glacialis,132295
aplysilla rosea,aplysilla rosea,point contact,132296,World Register of Marine Species:  www.marinespecies.org,Animalia,Porifera,Demospongiae,Dendroceratida,Darwinellidae,Aplysilla,Aplysilla rosea,4,Aplysilla rosea,132296
aplysina fistularis,aplysina fistularis,point contact,169648,World Register of Marine Species:  www.marinespecies.org,Animalia,Porifera,Demospongiae,Verongiida,Aplysinidae,Aplysina,Aplysina fistularis,4,Aplysina fistularis,169648
apostichopus californicus,parastichopus californicus,quadrat,529363,World Register of Marine Species:  www.marinespecies.org,Animalia,Echinodermata,Holothuroidea,Synallactida,Stichopodidae,Apostichopus,Apostichopus californicus,4,Apostichopus californicus,529363
archidistoma spp,archidistoma spp,NA,103452,World Register of Marine Species:  www.marinespecies.org,Animalia,Chordata,Ascidiacea,Aplousobranchia,Polycitoridae,Archidistoma,NULL,5,Archidistoma spp,103452
articulated corallines,articulated corallines,point contact,143691,World Register of Marine Species:  www.marinespecies.org,Plantae,(Division) Rhodophyta,Florideophyceae,Corallinales,Corallinaceae,NULL,NULL,5,DROP,NA
asparagopsis taxiformis,asparagopsis taxiformis,point contact,144439,World Register of Marine Species:  www.marinespecies.org,Plantae,(Division) Rhodophyta,Florideophyceae,Bonnemaisoniales,Bonnemaisoniaceae,Asparagopsis,Asparagopsis taxiformis,3,Asparagopsis taxiformis,144439
astrometis sertulifera,astrometis sertulifera,swath,255044,World Register of Marine Species:  www.marinespecies.org,Animalia,Echinodermata,Asteroidea,Forcipulatida,Asteriidae,Astrometis,Astrometis sertulifera,4,Astrometis sertulifera,255044
atrimitra idae,atrimitra idae,quadrat,1074819,World Register of Marine Species:  www.marinespecies.org,Animalia,Mollusca,Gastropoda,Neogastropoda,Mitridae,Atrimitra,Atrimitra idae,3,Atrimitra idae,1074819
babelomurex oldroydi,babelomurex oldroydi,quadrat,580826,World Register of Marine Species:  www.marinespecies.org,Animalia,Mollusca,Gastropoda,Neogastropoda,Muricidae,Babelomurex,Babelomurex oldroydi,4,Babelomurex oldroydi,580826
balanophyllia elegans,balanophyllia elegans,point contact,286920,World Register of Marine Species:  www.marinespecies.org,Animalia,Cnidaria,Hexacorallia,Scleractinia,Dendrophylliidae,Balanophyllia,Balanophyllia (Balanophyllia),4,Balanophyllia elegans,286920
balanus crenatus,balanus crenatus,point contact,106215,World Register of Marine Species:  www.marinespecies.org,Animalia,Arthropoda,Thecostraca,Balanomorpha,Balanidae,Balanus,Balanus crenatus,3,Balanus crenatus,106215
balanus glandula,balanus glandula,point contact,394848,World Register of Marine Species:  www.marinespecies.org,Animalia,Arthropoda,Thecostraca,Balanomorpha,Balanidae,Balanus,Balanus glandula,1,Balanus glandula,394848
balanus glandula; semibalanus balanoides,balanus glandula; semibalanus balanoides,point contact,106057,World Register of Marine Species:  www.marinespecies.org,Animalia,Arthropoda,Thecostraca,Balanomorpha,Balanidae,NULL,NULL,3,Balanus glandula/Semibalanus balanoides,106122
balanus glandula; semibalanus cariosus,balanus glandula; semibalanus cariosus,point contact,106057,World Register of Marine Species:  www.marinespecies.org,Animalia,Arthropoda,Thecostraca,Balanomorpha,Balanidae,NULL,NULL,5,DROP,NA
balanus nubilus,balanus nubilus,point contact,594745,World Register of Marine Species:  www.marinespecies.org,Animalia,Arthropoda,Thecostraca,Balanomorpha,Balanidae,Balanus,Balanus nubilus,3,Balanus nubilus,594745
balanus spp,balanus spp,NA,106122,World Register of Marine Species:  www.marinespecies.org,Animalia,Arthropoda,Thecostraca,Balanomorpha,Balanidae,Balanus,NULL,5,Balanus spp,106122
bangia spp,bangia spp,point contact,143807,World Register of Marine Species:  www.marinespecies.org,Plantae,(Division) Rhodophyta,Bangiophyceae,Bangiales,Bangiaceae,Bangia,NULL,3,Bangia spp,143807
batillaria attramentaria,batillaria attramentaria,quadrat,397021,World Register of Marine Species:  www.marinespecies.org,Animalia,Mollusca,Gastropoda,Caenogastropoda incertae,Batillariidae,Batillaria,Batillaria attramentaria,3,Batillaria attramentaria,397021
battersia norrisii,battersia norrisii,point contact,707776,World Register of Marine Species:  www.marinespecies.org,Chromista,Ochrophyta,Phaeophyceae,Sphacelariales,Sphacelariaceae,Battersia,Battersia norrisii,4,Sphacelaria/Battersia spp,143782
battersia plumigera,battersia plumigera,point contact,624205,World Register of Marine Species:  www.marinespecies.org,Chromista,Ochrophyta,Phaeophyceae,Sphacelariales,Sphacelariaceae,Battersia,Battersia plumigera,4,Sphacelaria/Battersia spp,143782
battersia racemosa,battersia racemosa,point contact,624206,World Register of Marine Species:  www.marinespecies.org,Chromista,Ochrophyta,Phaeophyceae,Sphacelariales,Sphacelariaceae,Battersia,Battersia racemosa,3,Sphacelaria/Battersia spp,143782
besa leptophylla,besa leptophylla,point contact,1373700,World Register of Marine Species:  www.marinespecies.org,Plantae,(Division) Rhodophyta,Florideophyceae,Gigartinales,Phyllophoraceae,Besa,Besa leptophylla,3,Besa leptophylla,1373700
bittium spp,bittium spp,NA,137758,World Register of Marine Species:  www.marinespecies.org,Animalia,Mollusca,Gastropoda,Caenogastropoda incertae,Cerithiidae,Bittium,NULL,5,Bittium spp,137758
blidingia spp,blidingia spp,point contact,144293,World Register of Marine Species:  www.marinespecies.org,Plantae,(Division) Chlorophyta,Ulvophyceae,Ulvales,Kornmanniaceae,Blidingia,NULL,4,Ulvophyceae,146216
blidingia subsalsa,blidingia subsalsa,point contact,145952,World Register of Marine Species:  www.marinespecies.org,Plantae,(Division) Chlorophyta,Ulvophyceae,Ulvales,Kornmanniaceae,Blidingia,Blidingia subsalsa,4,Ulvophyceae,146216
blue green algae,blue green algae,point contact,146537,World Register of Marine Species:  www.marinespecies.org,Bacteria,Cyanobacteria,NULL,NULL,NULL,NULL,NULL,1,Blue Green Algae,146537
blue green algae; verrucaria,blue green algae; verrucaria,point contact,NULL,MARINe researchers: pacificrockyintertidal.org,NULL,NULL,NULL,NULL,NULL,NULL,NULL,5,DROP,NA
boltenia spp,boltenia spp,point contact,103514,World Register of Marine Species:  www.marinespecies.org,Animalia,Chordata,Ascidiacea,Stolidobranchia,Pyuridae,Boltenia,NULL,3,Boltenia,103514
boltenia villosa,boltenia villosa,point contact,250073,World Register of Marine Species:  www.marinespecies.org,Animalia,Chordata,Ascidiacea,Stolidobranchia,Pyuridae,Boltenia,Boltenia villosa,4,Boltenia villosa,250073
boreolithothamnion phymatodeum,boreolithothamnion phymatodeum,point contact,1736219,World Register of Marine Species:  www.marinespecies.org,Plantae,(Division) Rhodophyta,Florideophyceae,Hapalidiales,Hapalidiaceae,Boreolithothamnion,Boreolithothamnion phymatodeum,4,DROP,NA
boringclam,boringclam,point contact,105,World Register of Marine Species:  www.marinespecies.org,Animalia,Mollusca,Bivalvia,NULL,NULL,NULL,NULL,3,Boring clam,105
bossiella exarticulata,bossiella exarticulata,point contact,1345663,World Register of Marine Species:  www.marinespecies.org,Plantae,(Division) Rhodophyta,Florideophyceae,Corallinales,Corallinaceae,Bossiella,Bossiella exarticulata,4,Encrusting coralline,15308
bossiella spp,bossiella spp,point contact,369418,World Register of Marine Species:  www.marinespecies.org,Plantae,(Division) Rhodophyta,Florideophyceae,Corallinales,Corallinaceae,Bossiella,NULL,1,Bossiella spp,369418
botrylloides spp,botrylloides spp,point contact,103528,World Register of Marine Species:  www.marinespecies.org,Animalia,Chordata,Ascidiacea,Stolidobranchia,Styelidae,Botrylloides,NULL,4,Botrylloides spp,103528
botryllus spp,botryllus spp,point contact,103529,World Register of Marine Species:  www.marinespecies.org,Animalia,Chordata,Ascidiacea,Stolidobranchia,Styelidae,Botryllus,NULL,4,Botryllus spp,103529
bryopsis hypnoides,bryopsis hypnoides,point contact,144452,World Register of Marine Species:  www.marinespecies.org,Plantae,(Division) Chlorophyta,Ulvophyceae,Bryopsidales,Bryopsidaceae,Bryopsis,Bryopsis hypnoides,4,Bryopsis spp,143812
bryopsis spp,bryopsis spp,point contact,143812,World Register of Marine Species:  www.marinespecies.org,Plantae,(Division) Chlorophyta,Ulvophyceae,Bryopsidales,Bryopsidaceae,Bryopsis,NULL,3,Bryopsis spp,143812
bugula neritina,bugula neritina,point contact,111158,World Register of Marine Species:  www.marinespecies.org,Animalia,Bryozoa,Gymnolaemata,Cheilostomatida,Bugulidae,Bugula,Bugula neritina,3,Bugula neritina,111158
bugula spp,bugula spp,NA,110839,World Register of Marine Species:  www.marinespecies.org,Animalia,Bryozoa,Gymnolaemata,Cheilostomatida,Bugulidae,Bugula,NULL,5,Bugula spp,110839
bulla gouldiana,bulla gouldiana,quadrat,510427,World Register of Marine Species:  www.marinespecies.org,Animalia,Mollusca,Gastropoda,Cephalaspidea,Bullidae,Bulla,Bulla gouldiana,4,Bulla gouldiana,510427
cadlina luteomarginata,cadlina luteomarginata,quadrat,562476,World Register of Marine Species:  www.marinespecies.org,Animalia,Mollusca,Gastropoda,Nudibranchia,Cadlinidae,Cadlina,Cadlina luteomarginata,4,Cadlina luteomarginata,562476
californiconus californicus,californiconus californicus,quadrat,581058,World Register of Marine Species:  www.marinespecies.org,Animalia,Mollusca,Gastropoda,Neogastropoda,Conidae,Californiconus,Californiconus californicus,2,Californiconus californicus,581058
callianax biplicata,olivella biplicata,quadrat,1424883,World Register of Marine Species:  www.marinespecies.org,Animalia,Mollusca,Gastropoda,Neogastropoda,Olividae,Callianax,Callianax biplicata,3,Callianax biplicata,1424883
calliarthron spp,calliarthron spp,point contact,369428,World Register of Marine Species:  www.marinespecies.org,Plantae,(Division) Rhodophyta,Florideophyceae,Corallinales,Corallinaceae,Calliarthron,NULL,1,Calliarthron spp,369428
calliarthron tuberculosum,calliarthron tuberculosum,point contact,372537,World Register of Marine Species:  www.marinespecies.org,Plantae,(Division) Rhodophyta,Florideophyceae,Corallinales,Corallinaceae,Calliarthron,Calliarthron tuberculosum,4,Calliarthron spp,369428
calliostoma annulatum,calliostoma annulatum,quadrat,534197,World Register of Marine Species:  www.marinespecies.org,Animalia,Mollusca,Gastropoda,Trochida,Calliostomatidae,Calliostoma,Calliostoma annulatum,3,Calliostoma annulatum,534197
calliostoma canaliculatum,calliostoma canaliculatum,quadrat,580410,World Register of Marine Species:  www.marinespecies.org,Animalia,Mollusca,Gastropoda,Trochida,Calliostomatidae,Calliostoma,Calliostoma canaliculatum,3,Calliostoma canaliculatum,580410
calliostoma ligatum,calliostoma ligatum,quadrat,580412,World Register of Marine Species:  www.marinespecies.org,Animalia,Mollusca,Gastropoda,Trochida,Calliostomatidae,Calliostoma,Calliostoma ligatum,1,Calliostoma ligatum,580412
calliostoma spp,calliostoma spp,NA,138584,World Register of Marine Species:  www.marinespecies.org,Animalia,Mollusca,Gastropoda,Trochida,Calliostomatidae,Calliostoma,NULL,5,Calliostoma spp,138584
calliostoma supragranosum,calliostoma supragranosum,quadrat,580415,World Register of Marine Species:  www.marinespecies.org,Animalia,Mollusca,Gastropoda,Trochida,Calliostomatidae,Calliostoma,Calliostoma supragranosum,3,Calliostoma supragranosum,580415
callista spp,callista spp,NA,138632,World Register of Marine Species:  www.marinespecies.org,Animalia,Mollusca,Bivalvia,Venerida,Veneridae,Callista,NULL,5,Callista spp,138632
callithamnion acutum,callithamnion acutum,point contact,372538,World Register of Marine Species:  www.marinespecies.org,Plantae,(Division) Rhodophyta,Florideophyceae,Ceramiales,Callithamniaceae,Callithamnion,Callithamnion acutum,4,Callithamnion acutum,372538
callithamnion pikeanum,callithamnion pikeanum,point contact,372539,World Register of Marine Species:  www.marinespecies.org,Plantae,(Division) Rhodophyta,Florideophyceae,Ceramiales,Callithamniaceae,Callithamnion,Callithamnion pikeanum,1,Callithamnion pikeanum,372539
callithamnion rupicola,callithamnion rupicola,point contact,376427,World Register of Marine Species:  www.marinespecies.org,Plantae,(Division) Rhodophyta,Florideophyceae,Ceramiales,Callithamniaceae,Callithamnion,Callithamnion rupicola,3,Callithamnion rupicola,376427
callithamnion spp,callithamnion spp,NA,143832,World Register of Marine Species:  www.marinespecies.org,Plantae,(Division) Rhodophyta,Florideophyceae,Ceramiales,Callithamniaceae,Callithamnion,NULL,5,Callithamnion spp,143832
callophyllis pinnata,callophyllis pinnata,point contact,372542,World Register of Marine Species:  www.marinespecies.org,Plantae,(Division) Rhodophyta,Florideophyceae,Gigartinales,Kallymeniaceae,Callophyllis,Callophyllis pinnata,4,Callophyllis spp,144047
callophyllis spp,callophyllis spp,point contact,144047,World Register of Marine Species:  www.marinespecies.org,Plantae,(Division) Rhodophyta,Florideophyceae,Gigartinales,Kallymeniaceae,Callophyllis,NULL,3,Callophyllis spp,144047
callophyllis violacea,callophyllis violacea,point contact,372544,World Register of Marine Species:  www.marinespecies.org,Plantae,(Division) Rhodophyta,Florideophyceae,Gigartinales,Kallymeniaceae,Callophyllis,Callophyllis violacea,4,Callophyllis spp,144047
cancer productus,cancer productus,quadrat,440382,World Register of Marine Species:  www.marinespecies.org,Animalia,Arthropoda,Malacostraca,Decapoda,Cancridae,Cancer,Cancer productus,3,Cancer productus,440382
cancridae,cancer spp,NA,106749,World Register of Marine Species:  www.marinespecies.org,Animalia,Arthropoda,Malacostraca,Decapoda,Cancridae,NULL,NULL,5,Cancridae,106749
carpopeltis bushiae,carpopeltis bushiae,point contact,371213,World Register of Marine Species:  www.marinespecies.org,Plantae,(Division) Rhodophyta,Florideophyceae,Halymeniales,Halymeniaceae,Carpopeltis,Carpopeltis bushiae,3,Carpopeltis bushiae,371213
caulacanthus okamurae,caulacanthus okamurae,point contact,496188,World Register of Marine Species:  www.marinespecies.org,Plantae,(Division) Rhodophyta,Florideophyceae,Gigartinales,Caulacanthaceae,Caulacanthus,Caulacanthus okamurae,1,Caulacanthus okamurae,496188
caulacanthus okamurae; gloiopeltis furcata,caulacanthus okamurae; gloiopeltis furcata,NA,871,World Register of Marine Species:  www.marinespecies.org,Plantae,(Division) Rhodophyta,Florideophyceae,Gigartinales,NULL,NULL,NULL,5,Caulacanthus okamurae/Gloiopeltis furcata,144141
cauloramphus echinus,cauloramphus echinus,point contact,469298,World Register of Marine Species:  www.marinespecies.org,Animalia,Bryozoa,Gymnolaemata,Cheilostomatida,Calloporidae,Cauloramphus,Cauloramphus echinus,4,Cauloramphus echinus,469298
cebidichthys violaceus,cebidichthys violaceus,NA,280053,World Register of Marine Species:  www.marinespecies.org,Animalia,Chordata,Teleostei,Perciformes,Cebidichthyidae,Cebidichthys,Cebidichthys violaceus,5,DROP,NA
centroceras spp; ceramium spp; corallophila spp,centroceras spp; ceramium spp; polysiphonia spp,point contact,143671,World Register of Marine Species:  www.marinespecies.org,Plantae,(Division) Rhodophyta,Florideophyceae,Ceramiales,Ceramiaceae,NULL,NULL,1,Ceramiales,860
ceramium spp,ceramium spp,point contact,143834,World Register of Marine Species:  www.marinespecies.org,Plantae,(Division) Rhodophyta,Florideophyceae,Ceramiales,Ceramiaceae,Ceramium,NULL,4,Ceramiales,860
ceramothamnion coulteri,microcladia coulteri,point contact,1739125,World Register of Marine Species:  www.marinespecies.org,Plantae,(Division) Rhodophyta,Florideophyceae,Ceramiales,Ceramiaceae,Ceramothamnion,Ceramothamnion coulteri,3,Ceramothamnion coulteri,1739125
ceramothamnion pacificum,ceramium pacificum,point contact,1739124,World Register of Marine Species:  www.marinespecies.org,Plantae,(Division) Rhodophyta,Florideophyceae,Ceramiales,Ceramiaceae,Ceramothamnion,Ceramothamnion pacificum,4,Ceramiales,860
ceratodoris rosacea,okenia rosacea,quadrat,1723348,World Register of Marine Species:  www.marinespecies.org,Animalia,Mollusca,Gastropoda,Nudibranchia,Goniodorididae,Ceratodoris,Ceratodoris rosacea,4,Ceratodoris rosacea,1723348
ceratostoma foliatum,ceratostoma foliatum,quadrat,240767,World Register of Marine Species:  www.marinespecies.org,Animalia,Mollusca,Gastropoda,Neogastropoda,Muricidae,Ceratostoma,Ceratostoma foliatum,2,Ceratostoma foliatum,240767
ceratostoma nuttalli,ceratostoma nuttalli,quadrat,403965,World Register of Marine Species:  www.marinespecies.org,Animalia,Mollusca,Gastropoda,Neogastropoda,Muricidae,Ceratostoma,Ceratostoma nuttalli,2,Ceratostoma nuttalli,403965
ceratostoma spp,ceratostoma spp,NA,240766,World Register of Marine Species:  www.marinespecies.org,Animalia,Mollusca,Gastropoda,Neogastropoda,Muricidae,Ceratostoma,NULL,5,Ceratostoma spp,240766
cerithiopsis spp,cerithiopsis spp,quadrat,137764,World Register of Marine Species:  www.marinespecies.org,Animalia,Mollusca,Gastropoda,Caenogastropoda incertae,Cerithiopsidae,Cerithiopsis,NULL,3,Cerithiopsis spp,137764
chaceia ovoidea,chaceia ovoidea,point contact,367969,World Register of Marine Species:  www.marinespecies.org,Animalia,Mollusca,Bivalvia,Myida,Pholadidae,Chaceia,Chaceia ovoidea,3,Chaceia ovoidea,367969
chaetomorpha aerea,chaetomorpha aerea,point contact,145020,World Register of Marine Species:  www.marinespecies.org,Plantae,(Division) Chlorophyta,Ulvophyceae,Cladophorales,Cladophoraceae,Chaetomorpha,Chaetomorpha aerea,4,Chaetomorpha spp,143995
chaetomorpha californica,chaetomorpha californica,point contact,372662,World Register of Marine Species:  www.marinespecies.org,Plantae,(Division) Chlorophyta,Ulvophyceae,Cladophorales,Cladophoraceae,Chaetomorpha,Chaetomorpha californica,4,Chaetomorpha spp,143995
chaetomorpha ligustica,chaetomorpha ligustica,point contact,145026,World Register of Marine Species:  www.marinespecies.org,Plantae,(Division) Chlorophyta,Ulvophyceae,Cladophorales,Cladophoraceae,Chaetomorpha,Chaetomorpha ligustica,4,Chaetomorpha spp,143995
chaetomorpha linum,chaetomorpha linum,point contact,145027,World Register of Marine Species:  www.marinespecies.org,Plantae,(Division) Chlorophyta,Ulvophyceae,Cladophorales,Cladophoraceae,Chaetomorpha,Chaetomorpha linum,3,Chaetomorpha spp,143995
chaetomorpha spiralis,chaetomorpha spiralis,point contact,214377,World Register of Marine Species:  www.marinespecies.org,Plantae,(Division) Chlorophyta,Ulvophyceae,Cladophorales,Cladophoraceae,Chaetomorpha,Chaetomorpha spiralis,2,Chaetomorpha spp,143995
chaetomorpha spp,chaetomorpha spp,point contact,143995,World Register of Marine Species:  www.marinespecies.org,Plantae,(Division) Chlorophyta,Ulvophyceae,Cladophorales,Cladophoraceae,Chaetomorpha,NULL,5,Chaetomorpha spp,143995
chaetopterus variopedatus,chaetopterus variopedatus,point contact,129914,World Register of Marine Species:  www.marinespecies.org,Animalia,Annelida,Polychaeta,NULL,Chaetopteridae,Chaetopterus,Chaetopterus variopedatus,3,Chaetopterus variopedatus,129914
chamberlainium tumidum,chamberlainium tumidum,point contact,1731873,World Register of Marine Species:  www.marinespecies.org,Plantae,(Division) Rhodophyta,Florideophyceae,Corallinales,Corallinaceae,Chamberlainium,Chamberlainium tumidum,4,Encrusting coralline,15308
chiharaea silvae,chiharaea silvae,point contact,699660,World Register of Marine Species:  www.marinespecies.org,Plantae,(Division) Rhodophyta,Florideophyceae,Corallinales,Corallinaceae,Chiharaea,Chiharaea silvae,4,Chiharaea silvae,699660
chionista fluctifraga,chionista fluctifraga,point contact,507511,World Register of Marine Species:  www.marinespecies.org,Animalia,Mollusca,Bivalvia,Venerida,Veneridae,Chionista,Chionista fluctifraga,3,Chionista fluctifraga,507511
chlamys rubida,chlamys rubida,point contact,254460,World Register of Marine Species:  www.marinespecies.org,Animalia,Mollusca,Bivalvia,Pectinida,Pectinidae,Chlamys,Chlamys rubida,4,Chlamys rubida,254460
chondracanthus canaliculatus,chondracanthus canaliculatus,point contact,371723,World Register of Marine Species:  www.marinespecies.org,Plantae,(Division) Rhodophyta,Florideophyceae,Gigartinales,Gigartinaceae,Chondracanthus,Chondracanthus canaliculatus,1,Chondracanthus canaliculatus,371723
chondracanthus corymbiferus; chondracanthus exaspertatus,chondracanthus corymbiferus; chondracanthus exaspertatus,point contact,144153,World Register of Marine Species:  www.marinespecies.org,Plantae,(Division) Rhodophyta,Florideophyceae,Gigartinales,Gigartinaceae,Chondracanthus,NULL,3,Chondracanthus corymbiferus/exaspertata,144153
chondracanthus harveyanus,chondracanthus harveyanus,point contact,371724,World Register of Marine Species:  www.marinespecies.org,Plantae,(Division) Rhodophyta,Florideophyceae,Gigartinales,Gigartinaceae,Chondracanthus,Chondracanthus harveyanus,3,Chondracanthus harveyanus,371724
chondracanthus spinosus,chondracanthus spinosus,point contact,371725,World Register of Marine Species:  www.marinespecies.org,Plantae,(Division) Rhodophyta,Florideophyceae,Gigartinales,Gigartinaceae,Chondracanthus,Chondracanthus spinosus,1,Chondracanthus spinosus,371725
chondria acrorhizophora,chondria acrorhizophora,point contact,375431,World Register of Marine Species:  www.marinespecies.org,Plantae,(Division) Rhodophyta,Florideophyceae,Ceramiales,Rhodomelaceae,Chondria,Chondria acrorhizophora,3,Chondria acrorhizophora,375431
chondria arcuata,chondria arcuata,point contact,144793,World Register of Marine Species:  www.marinespecies.org,Plantae,(Division) Rhodophyta,Florideophyceae,Ceramiales,Rhodomelaceae,Chondria,Chondria arcuata,3,Chondria arcuata,144793
chondria dasyphylla,chondria dasyphylla,point contact,144799,World Register of Marine Species:  www.marinespecies.org,Plantae,(Division) Rhodophyta,Florideophyceae,Ceramiales,Rhodomelaceae,Chondria,Chondria dasyphylla,3,Chondria dasyphylla,144799
chondria decipiens,chondria decipiens,point contact,372834,World Register of Marine Species:  www.marinespecies.org,Plantae,(Division) Rhodophyta,Florideophyceae,Ceramiales,Rhodomelaceae,Chondria,Chondria decipiens,3,Chondria decipiens,372834
chondria nidifica,chondria nidifica,point contact,372835,World Register of Marine Species:  www.marinespecies.org,Plantae,(Division) Rhodophyta,Florideophyceae,Ceramiales,Rhodomelaceae,Chondria,Chondria nidifica,3,Chondria nidifica,372835
chondria oppositiclada,chondria oppositiclada,point contact,144802,World Register of Marine Species:  www.marinespecies.org,Plantae,(Division) Rhodophyta,Florideophyceae,Ceramiales,Rhodomelaceae,Chondria,Chondria oppositiclada,3,Chondria oppositiclada,144802
chondria spp,chondria spp,NA,143906,World Register of Marine Species:  www.marinespecies.org,Plantae,(Division) Rhodophyta,Florideophyceae,Ceramiales,Rhodomelaceae,Chondria,NULL,5,Chondria spp,143906
chone minuta,chone minuta,point contact,326735,World Register of Marine Species:  www.marinespecies.org,Animalia,Annelida,Polychaeta,Sabellida,Sabellidae,Chone,Chone minuta,3,Chone minuta,326735
chone spp,chone spp,NA,129525,World Register of Marine Species:  www.marinespecies.org,Animalia,Annelida,Polychaeta,Sabellida,Sabellidae,Chone,NULL,5,Chone spp,129525
chthamalus dalli; chthamalus fissus,chthamalus dalli; chthamalus fissus,point contact,106126,World Register of Marine Species:  www.marinespecies.org,Animalia,Arthropoda,Thecostraca,Balanomorpha,Chthamalidae,Chthamalus,NULL,1,Chthamalus dalli/fissus,106126
cirolana harfordi,cirolana harfordi,quadrat,256526,World Register of Marine Species:  www.marinespecies.org,Animalia,Arthropoda,Malacostraca,Isopoda,Cirolanidae,Cirolana,Cirolana harfordi,4,Cirolana spp/Gnorimosphaeroma oregonense,118399
cirolana spp,cirolana spp,quadrat,118399,World Register of Marine Species:  www.marinespecies.org,Animalia,Arthropoda,Malacostraca,Isopoda,Cirolanidae,Cirolana,NULL,3,Cirolana spp/Gnorimosphaeroma oregonense,118399
cirolana spp; gnorimosphaeroma oregonense,cirolana spp; gnorimosphaeroma oregonense,quadrat,1131,World Register of Marine Species:  www.marinespecies.org,Animalia,Arthropoda,Malacostraca,Isopoda,NULL,NULL,NULL,2,Cirolana spp/Gnorimosphaeroma oregonense,118399
cladophora columbiana,cladophora columbiana,point contact,371784,World Register of Marine Species:  www.marinespecies.org,Plantae,(Division) Chlorophyta,Ulvophyceae,Cladophorales,Cladophoraceae,Cladophora,Cladophora columbiana,1,Cladophora columbiana,371784
cladophora graminea,cladophora graminea,point contact,371785,World Register of Marine Species:  www.marinespecies.org,Plantae,(Division) Chlorophyta,Ulvophyceae,Cladophorales,Cladophoraceae,Cladophora,Cladophora graminea,3,Cladophora graminea,371785
cladophora microcladioides,cladophora microcladioides,point contact,371786,World Register of Marine Species:  www.marinespecies.org,Plantae,(Division) Chlorophyta,Ulvophyceae,Cladophorales,Cladophoraceae,Cladophora,Cladophora microcladioides,4,Cladophora microcladioides,371786
cladophora sericea,cladophora sericea,point contact,145065,World Register of Marine Species:  www.marinespecies.org,Plantae,(Division) Chlorophyta,Ulvophyceae,Cladophorales,Cladophoraceae,Cladophora,Cladophora sericea,4,Cladophora sericea,145065
cladophora spp,cladophora spp,point contact,143996,World Register of Marine Species:  www.marinespecies.org,Plantae,(Division) Chlorophyta,Ulvophyceae,Cladophorales,Cladophoraceae,Cladophora,NULL,4,Acrosiphonia/Cladophora spp,1304953
cladophora stimpsonii,cladophora stimpsonii,point contact,494832,World Register of Marine Species:  www.marinespecies.org,Plantae,(Division) Chlorophyta,Ulvophyceae,Cladophorales,Cladophoraceae,Cladophora,Cladophora stimpsonii,4,Cladophora stimpsonii,494832
clathria pennata,ophlitaspongia pennata,point contact,167672,World Register of Marine Species:  www.marinespecies.org,Animalia,Porifera,Demospongiae,Poecilosclerida,Microcionidae,Clathria,Clathria (Microciona),3,Clathria pennata,167672
clathria spp,clathria spp,NA,131868,World Register of Marine Species:  www.marinespecies.org,Animalia,Porifera,Demospongiae,Poecilosclerida,Microcionidae,Clathria,NULL,5,Clathria spp,131868
clathurella canfieldi,clathurella canfieldi,quadrat,436206,World Register of Marine Species:  www.marinespecies.org,Animalia,Mollusca,Gastropoda,Neogastropoda,Clathurellidae,Clathurella,Clathurella canfieldi,4,Clathurella canfieldi,436206
clavelina huntsmani,clavelina huntsmani,point contact,250311,World Register of Marine Species:  www.marinespecies.org,Animalia,Chordata,Ascidiacea,Aplousobranchia,Clavelinidae,Clavelina,Clavelina huntsmani,3,Clavelina huntsmani,250311
cliona californiana,cliona californiana,point contact,170431,World Register of Marine Species:  www.marinespecies.org,Animalia,Porifera,Demospongiae,Clionaida,Clionaidae,Cliona,Cliona californiana,3,Cliona californiana,170431
cliona celata,cliona celata,point contact,134121,World Register of Marine Species:  www.marinespecies.org,Animalia,Porifera,Demospongiae,Clionaida,Clionaidae,Cliona,Cliona celata,3,Cliona celata,134121
cnemidocarpa finmarkiensis,cnemidocarpa finmarkiensis,point contact,103870,World Register of Marine Species:  www.marinespecies.org,Animalia,Chordata,Ascidiacea,Stolidobranchia,Styelidae,Cnemidocarpa,Cnemidocarpa finmarkiensis,4,Cnemidocarpa finmarkiensis,103870
cobble,loose cobble was the final classification,point contact,NULL,MARINe researchers: pacificrockyintertidal.org,NULL,NULL,NULL,NULL,NULL,NULL,NULL,5,Rock,NA
codium fragile,codium fragile,point contact,145086,World Register of Marine Species:  www.marinespecies.org,Plantae,(Division) Chlorophyta,Ulvophyceae,Bryopsidales,Codiaceae,Codium,Codium fragile,1,Codium fragile,145086
codium setchellii,codium setchellii,point contact,371787,World Register of Marine Species:  www.marinespecies.org,Plantae,(Division) Chlorophyta,Ulvophyceae,Bryopsidales,Codiaceae,Codium,Codium setchellii,3,Codium setchellii,371787
collinsiella tuberculata,collinsiella tuberculata,point contact,494833,World Register of Marine Species:  www.marinespecies.org,Plantae,(Division) Chlorophyta,Ulvophyceae,Ulotrichales,Gomontiaceae,Collinsiella,Collinsiella tuberculata,3,Collinsiella tuberculata,494833
colonial diatom,colonial diatom,point contact,148899,World Register of Marine Species:  www.marinespecies.org,Chromista,Heterokontophyta,Bacillariophyceae,NULL,NULL,NULL,NULL,3,Colonial diatom,148899
colonial tunicate,colonial tunicate,NA,1821,World Register of Marine Species:  www.marinespecies.org,Animalia,Chordata,NULL,NULL,NULL,NULL,NULL,5,Colonial tunicate,1821
colpomenia durvillei,colpomenia durvillei,point contact,494926,World Register of Marine Species:  www.marinespecies.org,Chromista,Ochrophyta,Phaeophyceae,Ectocarpales,Scytosiphonaceae,Colpomenia,Colpomenia durvillei,4,Colpomenia/Leathesia spp,842
colpomenia spp; leathesia spp,colpomenia spp; leathesia spp,point contact,842,World Register of Marine Species:  www.marinespecies.org,Chromista,Ochrophyta,Phaeophyceae,Ectocarpales,NULL,NULL,NULL,1,Colpomenia/Leathesia spp,842
constantinea simplex,constantinea simplex,point contact,372553,World Register of Marine Species:  www.marinespecies.org,Plantae,(Division) Rhodophyta,Florideophyceae,Gigartinales,Dumontiaceae,Constantinea,Constantinea simplex,3,Constantinea simplex,372553
corallina chilensis,corallina chilensis,point contact,496890,World Register of Marine Species:  www.marinespecies.org,Plantae,(Division) Rhodophyta,Florideophyceae,Corallinales,Corallinaceae,Corallina,Corallina chilensis,4,Corallina spp,144007
corallina officinalis,corallina officinalis,point contact,145108,World Register of Marine Species:  www.marinespecies.org,Plantae,(Division) Rhodophyta,Florideophyceae,Corallinales,Corallinaceae,Corallina,Corallina officinalis,4,Corallina spp,144007
corallina parva,corallina parva,point contact,NULL,,Plantae,(Division) Rhodophyta,Florideophyceae,Corallinales,Corallinaceae,Corallina,Corallina parva,4,Corallina spp,144007
corallina spp,corallina spp,point contact,144007,World Register of Marine Species:  www.marinespecies.org,Plantae,(Division) Rhodophyta,Florideophyceae,Corallinales,Corallinaceae,Corallina,NULL,1,Corallina spp,144007
corallina vancouveriensis,corallina vancouversensis,point contact,494902,World Register of Marine Species:  www.marinespecies.org,Plantae,(Division) Rhodophyta,Florideophyceae,Corallinales,Corallinaceae,Corallina,Corallina vancouveriensis,4,Corallina spp,144007
corynactis californica,corynactis californica,point contact,283836,World Register of Marine Species:  www.marinespecies.org,Animalia,Cnidaria,Hexacorallia,Corallimorpharia,Corallimorphidae,Corynactis,Corynactis californica,3,Corynactis californica,283836
costaria costata,costaria costata,point contact,371985,World Register of Marine Species:  www.marinespecies.org,Chromista,Ochrophyta,Phaeophyceae,Laminariales,Agaraceae,Costaria,Costaria costata,3,Costaria costata,371985
crangon spp,crangon spp,quadrat,107007,World Register of Marine Species:  www.marinespecies.org,Animalia,Arthropoda,Malacostraca,Decapoda,Crangonidae,Crangon,NULL,3,Crangon spp,107007
crassadoma gigantea,crassadoma gigantea,point contact,240774,World Register of Marine Species:  www.marinespecies.org,Animalia,Mollusca,Bivalvia,Pectinida,Pectinidae,Crassadoma,Crassadoma gigantea,4,Crassadoma gigantea,240774
crepidula spp,crepidula spp,quadrat,137722,World Register of Marine Species:  www.marinespecies.org,Animalia,Mollusca,Gastropoda,Littorinimorpha,Calyptraeidae,Crepidula,NULL,5,DROP,NA
crepipatella lingulata,crepipatella lingulata,quadrat,493731,World Register of Marine Species:  www.marinespecies.org,Animalia,Mollusca,Gastropoda,Littorinimorpha,Calyptraeidae,Crepipatella,Crepipatella lingulata,2,Crepipatella lingulata,493731
crisulipora occidentalis,crisulipora occidentalis,point contact,471743,World Register of Marine Species:  www.marinespecies.org,Animalia,Bryozoa,Stenolaemata,Cyclostomatida,Crisuliporidae,Crisulipora,Crisulipora occidentalis,4,Crisulipora occidentalis,471743
crucibulum spinosum,crucibulum spinosum,quadrat,397064,World Register of Marine Species:  www.marinespecies.org,Animalia,Mollusca,Gastropoda,Littorinimorpha,Calyptraeidae,Crucibulum,Crucibulum spinosum,4,Crucibulum spinosum,397064
crusticorallina spp,crusticorallina spp,point contact,1313055,World Register of Marine Species:  www.marinespecies.org,Plantae,(Division) Rhodophyta,Florideophyceae,Corallinales,Corallinaceae,Crusticorallina,NULL,4,Encrusting coralline,15308
crustose corallines,crustose corallines,point contact,143691,World Register of Marine Species:  www.marinespecies.org,Plantae,(Division) Rhodophyta,Florideophyceae,Corallinales,Corallinaceae,NULL,NULL,1,Encrusting coralline,15308
cryptochiton stelleri,cryptochiton stelleri,swath,240776,World Register of Marine Species:  www.marinespecies.org,Animalia,Mollusca,Polyplacophora,Chitonida,Acanthochitonidae,Cryptochiton,Cryptochiton stelleri,3,Cryptochiton stelleri,240776
cryptolithodes sitchensis,cryptolithodes sitchensis,quadrat,550616,World Register of Marine Species:  www.marinespecies.org,Animalia,Arthropoda,Malacostraca,Decapoda,Lithodidae,Cryptolithodes,Cryptolithodes sitchensis,3,Cryptolithodes sitchensis,550616
cryptolithodes typicus,cryptolithodes typicus,quadrat,550617,World Register of Marine Species:  www.marinespecies.org,Animalia,Arthropoda,Malacostraca,Decapoda,Lithodidae,Cryptolithodes,Cryptolithodes typicus,4,Cryptolithodes typicus,550617
cryptonemia obovata,cryptonemia obovata,point contact,372557,World Register of Marine Species:  www.marinespecies.org,Plantae,(Division) Rhodophyta,Florideophyceae,Halymeniales,Halymeniaceae,Cryptonemia,Cryptonemia obovata,4,Cryptonemia obovata,372557
cryptonemia spp,cryptonemia spp,point contact,144042,World Register of Marine Species:  www.marinespecies.org,Plantae,(Division) Rhodophyta,Florideophyceae,Halymeniales,Halymeniaceae,Cryptonemia,NULL,4,Cryptonemia spp,144042
cryptopleura spp; hymenena spp,cryptopleura spp; hymenena spp,point contact,143673,World Register of Marine Species:  www.marinespecies.org,Plantae,(Division) Rhodophyta,Florideophyceae,Ceramiales,Delesseriaceae,NULL,NULL,1,Cryptopleura/Hymenena spp,143673
cryptosiphonia woodii,cryptosiphonia woodii,point contact,372563,World Register of Marine Species:  www.marinespecies.org,Plantae,(Division) Rhodophyta,Florideophyceae,Gigartinales,Dumontiaceae,Cryptosiphonia,Cryptosiphonia woodii,1,Cryptosiphonia woodii,372563
cucumaria miniata,cucumaria miniata,quadrat,225807,World Register of Marine Species:  www.marinespecies.org,Animalia,Echinodermata,Holothuroidea,Dendrochirotida,Cucumariidae,Cucumaria,Cucumaria miniata,3,Cucumaria miniata,225807
cucumaria spp; pseudocnus spp,cucumaria spp; pseudocnus spp,quadrat,123187,World Register of Marine Species:  www.marinespecies.org,Animalia,Echinodermata,Holothuroidea,Dendrochirotida,Cucumariidae,NULL,NULL,2,Cucumaria/Pseudocnus spp,123187
cucumber,cucumber,NA,123083,World Register of Marine Species:  www.marinespecies.org,Animalia,Echinodermata,Holothuroidea,NULL,NULL,NULL,NULL,5,Cucumber,123083
cumagloia andersonii,cumagloia andersonii,point contact,373999,World Register of Marine Species:  www.marinespecies.org,Plantae,(Division) Rhodophyta,Florideophyceae,Nemaliales,Liagoraceae,Cumagloia,Cumagloia andersonii,3,Cumagloia andersonii,373999
cumathamnion decipiens,delesseria decipiens,point contact,708086,World Register of Marine Species:  www.marinespecies.org,Plantae,(Division) Rhodophyta,Florideophyceae,Ceramiales,Delesseriaceae,Cumathamnion,Cumathamnion decipiens,3,Cumathamnion decipiens,708086
cyanoplax fernaldi,cyanoplax fernaldi,quadrat,386415,World Register of Marine Species:  www.marinespecies.org,Animalia,Mollusca,Polyplacophora,Chitonida,Tonicellidae,Cyanoplax,Cyanoplax fernaldi,4,Cyanoplax fernaldi,386415
cyanoplax hartwegii,cyanoplax hartwegii,quadrat,386416,World Register of Marine Species:  www.marinespecies.org,Animalia,Mollusca,Polyplacophora,Chitonida,Tonicellidae,Cyanoplax,Cyanoplax hartwegii,1,Cyanoplax hartwegii,386416
cyanoplax spp,cyanoplax spp,quadrat,385574,World Register of Marine Species:  www.marinespecies.org,Animalia,Mollusca,Polyplacophora,Chitonida,Tonicellidae,Cyanoplax,NULL,1,Cyanoplax spp,385574
cycloxanthops novemdentatus,cycloxanthops novemdentatus,quadrat,444237,World Register of Marine Species:  www.marinespecies.org,Animalia,Arthropoda,Malacostraca,Decapoda,Xanthidae,Cycloxanthops,Cycloxanthops novemdentatus,4,Cycloxanthops novemdentatus,444237
cystodytes lobatus,cystodytes lobatus,point contact,250432,World Register of Marine Species:  www.marinespecies.org,Animalia,Chordata,Ascidiacea,Aplousobranchia,Polycitoridae,Cystodytes,Cystodytes lobatus,4,Cystodytes lobatus,250432
dasya binghamiae,dasya binghamiae,point contact,375784,World Register of Marine Species:  www.marinespecies.org,Plantae,(Division) Rhodophyta,Florideophyceae,Ceramiales,Delesseriaceae,Dasya,Dasya binghamiae,3,Dasya binghamiae,375784
dasya sinicola; dasya californica,dasya sinicola; dasya californica,point contact,143870,World Register of Marine Species:  www.marinespecies.org,Plantae,(Division) Rhodophyta,Florideophyceae,Ceramiales,Delesseriaceae,Dasya,NULL,4,Dasya sinicola/californica,143870
dasya spp,dasya spp,point contact,143870,World Register of Marine Species:  www.marinespecies.org,Plantae,(Division) Rhodophyta,Florideophyceae,Ceramiales,Delesseriaceae,Dasya,NULL,5,DROP,NA
dasysiphonia japonica,dasysiphonia japonica,point contact,836896,World Register of Marine Species:  www.marinespecies.org,Plantae,(Division) Rhodophyta,Florideophyceae,Ceramiales,Delesseriaceae,Dasysiphonia,Dasysiphonia japonica,3,Dasysiphonia japonica,836896
dead balanus crenatus,dead balanus crenatus,point contact,106215,World Register of Marine Species:  www.marinespecies.org,Animalia,Arthropoda,Thecostraca,Balanomorpha,Balanidae,Balanus,Balanus crenatus,3,Balanus crenatus,106215
dead balanus glandula,NULL,point contact,394848,World Register of Marine Species:  www.marinespecies.org,Animalia,Arthropoda,Thecostraca,Balanomorpha,Balanidae,Balanus glandula,Balanus glandula,4,Balanus glandula,394848
dead chthamalus dalli,dead chthamalus dalli,point contact,423276,World Register of Marine Species:  www.marinespecies.org,Animalia,Arthropoda,Thecostraca,Balanomorpha,Chthamalidae,Chthamalus,Chthamalus dalli,4,Chthamalus dalli/fissus,106126
dead mytilus californianus,NULL,point contact,367837,World Register of Marine Species:  www.marinespecies.org,Animalia,Mollusca,Bivalvia,Mytilida,Mytilidae,Mytilus californianus,Mytilus californianus,4,Mytilus californianus,367837
dead mytilus trossulus; galloprovincialis; edulis,dead mytilus trossulus; galloprovincialis; edulis,point contact,138228,World Register of Marine Species:  www.marinespecies.org,Animalia,Mollusca,Bivalvia,Mytilida,Mytilidae,Mytilus,NULL,1,Mytilus trossulus/galloprovincialis/edulis,138228
dead semibalanus cariosus,dead semibalanus cariosus,point contact,594746,World Register of Marine Species:  www.marinespecies.org,Animalia,Arthropoda,Thecostraca,Balanomorpha,Balanidae,Semibalanus,Semibalanus cariosus,1,Semibalanus cariosus,594746
deeppool,the species was in a deep channel or pool and could not be determined,point contact,NULL,MARINe researchers: pacificrockyintertidal.org,NULL,NULL,NULL,NULL,NULL,NULL,NULL,5,DROP,NA
dendrobeania laxa,dendrobeania laxa,point contact,469233,World Register of Marine Species:  www.marinespecies.org,Animalia,Bryozoa,Gymnolaemata,Cheilostomatida,Bugulidae,Dendrobeania,Dendrobeania laxa,4,Dendrobeania laxa,469233
dendrobeania lichenoides,dendrobeania lichenoides,point contact,469234,World Register of Marine Species:  www.marinespecies.org,Animalia,Bryozoa,Gymnolaemata,Cheilostomatida,Bugulidae,Dendrobeania,Dendrobeania lichenoides,3,Dendrobeania lichenoides,469234
dendrochiton flectens,dendrochiton flectens,quadrat,817214,World Register of Marine Species:  www.marinespecies.org,Animalia,Mollusca,Polyplacophora,Chitonida,Mopaliidae,Dendrochiton,Dendrochiton flectens,3,Dendrochiton flectens,817214
dendronotus subramosus,dendronotus subramosus,quadrat,548244,World Register of Marine Species:  www.marinespecies.org,Animalia,Mollusca,Gastropoda,Nudibranchia,Dendronotidae,Dendronotus,Dendronotus subramosus,3,Dendronotus subramosus,548244
dendropoma lituella,dendropoma lituella,point contact,575677,World Register of Marine Species:  www.marinespecies.org,Animalia,Mollusca,Gastropoda,Littorinimorpha,Vermetidae,Dendropoma,Dendropoma lituella,3,Dendropoma lituella,575677
dendropoma spp,dendropoma spp,NA,138649,World Register of Marine Species:  www.marinespecies.org,Animalia,Mollusca,Gastropoda,Littorinimorpha,Vermetidae,Dendropoma,NULL,5,Dendropoma spp,138649
dendropoma spp; petaloconchus spp,dendropoma spp; petaloconchus spp,NA,23139,World Register of Marine Species:  www.marinespecies.org,Animalia,Mollusca,Gastropoda,Littorinimorpha,Vermetidae,NULL,NULL,5,Dendropoma/Petaloconchus spp,23139
derbesia marina,derbesia marina,point contact,144462,World Register of Marine Species:  www.marinespecies.org,Plantae,(Division) Chlorophyta,Ulvophyceae,Bryopsidales,Derbesiaceae,Derbesia,Derbesia marina,3,Derbesia marina,144462
dermasterias imbricata,dermasterias imbricata,swath,240771,World Register of Marine Species:  www.marinespecies.org,Animalia,Echinodermata,Asteroidea,Valvatida,Asteropseidae,Dermasterias,Dermasterias imbricata,3,Dermasterias imbricata,240771
desmarestia aculeata,desmarestia aculeata,point contact,145307,World Register of Marine Species:  www.marinespecies.org,Chromista,Ochrophyta,Phaeophyceae,Desmarestiales,Desmarestiaceae,Desmarestia,Desmarestia aculeata,4,Desmarestia aculeata,145307
desmarestia herbacea,desmarestia munda,point contact,239201,World Register of Marine Species:  www.marinespecies.org,Chromista,Ochrophyta,Phaeophyceae,Desmarestiales,Desmarestiaceae,Desmarestia,Desmarestia herbacea,4,Desmarestia herbacea,239201
desmarestia ligulata,desmarestia ligulata,point contact,145309,World Register of Marine Species:  www.marinespecies.org,Chromista,Ochrophyta,Phaeophyceae,Desmarestiales,Desmarestiaceae,Desmarestia,Desmarestia ligulata,3,Desmarestia ligulata,145309
diadumene lineata,diadumene lineata,point contact,395099,World Register of Marine Species:  www.marinespecies.org,Animalia,Cnidaria,Hexacorallia,Actiniaria,Diadumenidae,Diadumene,Diadumene lineata,3,Diadumene lineata,395099
diaperoforma californica,diaperoecia californica,point contact,472584,World Register of Marine Species:  www.marinespecies.org,Animalia,Bryozoa,Stenolaemata,Cyclostomatida,NULL,Diaperoforma,Diaperoforma californica,3,Diaperoforma californica,472584
diaphoreolis lagunae,diaphoreolis lagunae,quadrat,1037020,World Register of Marine Species:  www.marinespecies.org,Animalia,Mollusca,Gastropoda,Nudibranchia,Trinchesiidae,Diaphoreolis,Diaphoreolis lagunae,3,Diaphoreolis lagunae,1037020
diatoms,diatoms,point contact,148899,World Register of Marine Species:  www.marinespecies.org,Chromista,Heterokontophyta,Bacillariophyceae,NULL,NULL,NULL,NULL,1,Diatom,148899
diaulula sandiegensis,diaulula sandiegensis,quadrat,536817,World Register of Marine Species:  www.marinespecies.org,Animalia,Mollusca,Gastropoda,Nudibranchia,Discodorididae,Diaulula,Diaulula sandiegensis,3,Diaulula sandiegensis,536817
dictyoneurum californicum,dictyoneurum californicum,point contact,372515,World Register of Marine Species:  www.marinespecies.org,Chromista,Ochrophyta,Phaeophyceae,Laminariales,Agaraceae,Dictyoneurum,Dictyoneurum californicum,3,Dictyoneurum californicum,372515
dictyopteris spp,dictyopteris spp,NA,144085,World Register of Marine Species:  www.marinespecies.org,Chromista,Ochrophyta,Phaeophyceae,Dictyotales,Dictyotaceae,Dictyopteris,NULL,5,Dictyopteris spp,144085
dictyopteris undulata,dictyopteris undulata,point contact,372001,World Register of Marine Species:  www.marinespecies.org,Chromista,Ochrophyta,Phaeophyceae,Dictyotales,Dictyotaceae,Dictyopteris,Dictyopteris undulata,3,Dictyopteris undulata,372001
dictyota binghamiae,dictyota binghamiae,point contact,372003,World Register of Marine Species:  www.marinespecies.org,Chromista,Ochrophyta,Phaeophyceae,Dictyotales,Dictyotaceae,Dictyota,Dictyota binghamiae,4,Dictyota spp,144086
dictyota coriacea,dictyota coriacea,point contact,377138,World Register of Marine Species:  www.marinespecies.org,Chromista,Ochrophyta,Phaeophyceae,Dictyotales,Dictyotaceae,Dictyota,Dictyota coriacea,2,Dictyota coriacea,377138
dictyota flabellata,dictyota flabellata,point contact,372004,World Register of Marine Species:  www.marinespecies.org,Chromista,Ochrophyta,Phaeophyceae,Dictyotales,Dictyotaceae,Dictyota,Dictyota flabellata,3,Dictyota flabellata,372004
dictyota spp,dictyota spp,NA,144086,World Register of Marine Species:  www.marinespecies.org,Chromista,Ochrophyta,Phaeophyceae,Dictyotales,Dictyotaceae,Dictyota,NULL,5,Dictyota spp,144086
didemnum carnulentum,didemnum carnulentum,point contact,250480,World Register of Marine Species:  www.marinespecies.org,Animalia,Chordata,Ascidiacea,Aplousobranchia,Didemnidae,Didemnum,Didemnum carnulentum,4,Didemnum carnulentum,250480
didemnum spp,didemnum spp,NA,103456,World Register of Marine Species:  www.marinespecies.org,Animalia,Chordata,Ascidiacea,Aplousobranchia,Didemnidae,Didemnum,NULL,5,Didemnum spp,103456
didemnum vexillum,didemnum vexillum,point contact,250126,World Register of Marine Species:  www.marinespecies.org,Animalia,Chordata,Ascidiacea,Aplousobranchia,Didemnidae,Didemnum,Didemnum vexillum,3,Didemnum vexillum,250126
dilsea californica,dilsea californica,point contact,372565,World Register of Marine Species:  www.marinespecies.org,Plantae,(Division) Rhodophyta,Florideophyceae,Gigartinales,Dumontiaceae,Dilsea,Dilsea californica,1,Dilsea californica,372565
diodora aspera,diodora aspera,quadrat,367955,World Register of Marine Species:  www.marinespecies.org,Animalia,Mollusca,Gastropoda,Lepetellida,Fissurellidae,Diodora,Diodora aspera,2,Diodora aspera,367955
diopatra ornata,diopatra ornata,point contact,326964,World Register of Marine Species:  www.marinespecies.org,Animalia,Annelida,Polychaeta,Eunicida,Onuphidae,Diopatra,Diopatra ornata,4,Diopatra ornata,326964
diplopetalopora punctata,diaperoecia punctulata,point contact,1372546,World Register of Marine Species:  www.marinespecies.org,Animalia,Bryozoa,Stenolaemata,Cyclostomatida,Crisinidae,Diplopetalopora,Diplopetalopora punctata,4,Diplopetalopora punctata,1372546
dirona albolineata,dirona albolineata,quadrat,581837,World Register of Marine Species:  www.marinespecies.org,Animalia,Mollusca,Gastropoda,Nudibranchia,Dironidae,Dirona,Dirona albolineata,3,Dirona albolineata,581837
dirona picta,dirona picta,quadrat,558927,World Register of Marine Species:  www.marinespecies.org,Animalia,Mollusca,Gastropoda,Nudibranchia,Dironidae,Dirona,Dirona picta,4,Dirona picta,558927
discurria insessa,discurria insessa,quadrat,456584,World Register of Marine Species:  www.marinespecies.org,Animalia,Mollusca,Gastropoda,NULL,Lottiidae,Discurria,Discurria insessa,2,Discurria insessa,456584
distaplia occidentalis,distaplia occidentalis,point contact,250152,World Register of Marine Species:  www.marinespecies.org,Animalia,Chordata,Ascidiacea,Aplousobranchia,Holozoidae,Distaplia,Distaplia occidentalis,3,Distaplia occidentalis,250152
distaplia smithi,distaplia smithi,point contact,250160,World Register of Marine Species:  www.marinespecies.org,Animalia,Chordata,Ascidiacea,Aplousobranchia,Holozoidae,Distaplia,Distaplia smithi,4,Distaplia smithi,250160
distaplia spp,distaplia spp,NA,103464,World Register of Marine Species:  www.marinespecies.org,Animalia,Chordata,Ascidiacea,Aplousobranchia,Holozoidae,Distaplia,NULL,5,Distaplia spp,103464
distaplia stylifera,distaplia stylifera,point contact,236661,World Register of Marine Species:  www.marinespecies.org,Animalia,Chordata,Ascidiacea,Aplousobranchia,Holozoidae,Distaplia,Distaplia stylifera,3,Distaplia stylifera,236661
dodecaceria concharum,dodecaceria concharum,point contact,129967,World Register of Marine Species:  www.marinespecies.org,Animalia,Annelida,Polychaeta,Terebellida,Cirratulidae,Dodecaceria,Dodecaceria concharum,4,Dodecaceria spp,129246
dodecaceria spp,dodecaceria spp,point contact,129246,World Register of Marine Species:  www.marinespecies.org,Animalia,Annelida,Polychaeta,Terebellida,Cirratulidae,Dodecaceria,NULL,1,Dodecaceria spp,129246
dorididae,dorididae,NA,9904,World Register of Marine Species:  www.marinespecies.org,Animalia,Mollusca,Gastropoda,Nudibranchia,Dorididae,NULL,NULL,5,Dorididae,9904
doriopsilla albopunctata,doriopsilla albopunctata,quadrat,537019,World Register of Marine Species:  www.marinespecies.org,Animalia,Mollusca,Gastropoda,Nudibranchia,Dendrodorididae,Doriopsilla,Doriopsilla albopunctata,4,Doriopsilla albopunctata,537019
doris montereyensis,archidoris montereyensis,quadrat,581816,World Register of Marine Species:  www.marinespecies.org,Animalia,Mollusca,Gastropoda,Nudibranchia,Dorididae,Doris,Doris montereyensis,3,Doris montereyensis,581816
doris odhneri,doris odhneri,quadrat,581817,World Register of Marine Species:  www.marinespecies.org,Animalia,Mollusca,Gastropoda,Nudibranchia,Dorididae,Doris,Doris odhneri,4,Doris odhneri,581817
drop,this observation has been dropped because the final classification is not specific enough to be used for analysis,NA,NULL,MARINe researchers: pacificrockyintertidal.org,NULL,NULL,NULL,NULL,NULL,NULL,NULL,5,DROP,NA
dynamenella glabra,dynamenella glabra,point contact,1673497,World Register of Marine Species:  www.marinespecies.org,Animalia,Arthropoda,Malacostraca,Isopoda,Sphaeromatidae,Dynamenella,Dynamenella glabra,3,Dynamenella glabra,1673497
dysidea fragilis,dysidea fragilis,point contact,132324,World Register of Marine Species:  www.marinespecies.org,Animalia,Porifera,Demospongiae,Dictyoceratida,Dysideidae,Dysidea,Dysidea fragilis,4,Dysidea fragilis,132324
echinaster spp,echinaster spp,swath,123275,World Register of Marine Species:  www.marinespecies.org,Animalia,Echinodermata,Asteroidea,Spinulosida,Echinasteridae,Echinaster,NULL,4,Echinaster spp,123275
ectocarpus spp,ectocarpus spp,point contact,144099,World Register of Marine Species:  www.marinespecies.org,Chromista,Ochrophyta,Phaeophyceae,Ectocarpales,Ectocarpaceae,Ectocarpus,NULL,3,Ectocarpus spp,144099
ectopleura marina,tubularia marina,point contact,285957,World Register of Marine Species:  www.marinespecies.org,Animalia,Cnidaria,Hydrozoa,Anthoathecata,Tubulariidae,Ectopleura,Ectopleura marina,4,Ectopleura marina,285957
egg cases,egg cases,NA,NULL,MARINe researchers: pacificrockyintertidal.org,NULL,NULL,NULL,NULL,NULL,NULL,NULL,5,DROP,NA
egregia menziesii,egregia menziesii,point contact,372502,World Register of Marine Species:  www.marinespecies.org,Chromista,Ochrophyta,Phaeophyceae,Laminariales,Lessoniaceae,Egregia,Egregia menziesii,1,Egregia menziesii,372502
eisenia arborea,eisenia arborea,point contact,371990,World Register of Marine Species:  www.marinespecies.org,Chromista,Ochrophyta,Phaeophyceae,Laminariales,Lessoniaceae,Eisenia,Eisenia arborea,1,Eisenia arborea,371990
emplectonema gracile,emplectonema gracile,NA,122710,World Register of Marine Species:  www.marinespecies.org,Animalia,Nemertea,Hoplonemertea,Monostilifera,Emplectonematidae,Emplectonema,Emplectonema gracile,4,Emplectonema gracile,122710
encephalophycus tuberculatus,colpomenia tuberculata,point contact,1652952,World Register of Marine Species:  www.marinespecies.org,Chromista,Ochrophyta,Phaeophyceae,Ectocarpales,Scytosiphonaceae,Encephalophycus,Encephalophycus tuberculatus,3,Encephalophycus tuberculatus,1652952
endarachne spp; petalonia spp; phaeostrophion spp,endarachne spp; petalonia spp; phaeostrophion spp,point contact,830,World Register of Marine Species:  www.marinespecies.org,Chromista,Ochrophyta,Phaeophyceae,NULL,NULL,NULL,NULL,1,Endarachne/Petalonia/Phaeostrophion spp,830
endocladia muricata,endocladia muricata,point contact,372566,World Register of Marine Species:  www.marinespecies.org,Plantae,(Division) Rhodophyta,Florideophyceae,Gigartinales,Endocladiaceae,Endocladia,Endocladia muricata,1,Endocladia muricata,372566
endoplura aurea,endoplura aurea,point contact,371893,World Register of Marine Species:  www.marinespecies.org,Chromista,Ochrophyta,Phaeophyceae,Ralfsiales,Ralfsiaceae,Endoplura,Endoplura aurea,3,Endoplura aurea,371893
epiactis prolifera,epiactis prolifera,point contact,283435,World Register of Marine Species:  www.marinespecies.org,Animalia,Cnidaria,Hexacorallia,Actiniaria,Actiniidae,Epiactis,Epiactis prolifera,3,Epiactis prolifera,283435
epiactis ritteri,epiactis ritteri,point contact,283436,World Register of Marine Species:  www.marinespecies.org,Animalia,Cnidaria,Hexacorallia,Actiniaria,Actiniidae,Epiactis,Epiactis ritteri,4,Epiactis ritteri,283436
epiactis spp,epiactis spp,NA,100703,World Register of Marine Species:  www.marinespecies.org,Animalia,Cnidaria,Hexacorallia,Actiniaria,Actiniidae,Epiactis,NULL,5,Epiactis spp,100703
epialtoides hiltoni,epialtoides hiltoni,quadrat,441432,World Register of Marine Species:  www.marinespecies.org,Animalia,Arthropoda,Malacostraca,Decapoda,Epialtidae,Epialtoides,Epialtoides hiltoni,4,Epialtoides hiltoni,441432
epitonium tinctum,epitonium tinctum,quadrat,524008,World Register of Marine Species:  www.marinespecies.org,Animalia,Mollusca,Gastropoda,Caenogastropoda incertae,Epitoniidae,Epitonium,Epitonium tinctum,2,Epitonium tinctum,524008
erythroglossum californicum,anisocladella pacifica,point contact,372567,World Register of Marine Species:  www.marinespecies.org,Plantae,(Division) Rhodophyta,Florideophyceae,Ceramiales,Delesseriaceae,Erythroglossum,Erythroglossum californicum,3,Erythroglossum californicum,372567
erythrophyllum delesserioides,erythrophyllum delesserioides,point contact,372568,World Register of Marine Species:  www.marinespecies.org,Plantae,(Division) Rhodophyta,Florideophyceae,Gigartinales,Kallymeniaceae,Erythrophyllum,Erythrophyllum delesserioides,2,Erythrophyllum delesserioides,372568
eudendrium californicum,eudendrium californicum,point contact,284654,World Register of Marine Species:  www.marinespecies.org,Animalia,Cnidaria,Hydrozoa,Anthoathecata,Eudendriidae,Eudendrium,Eudendrium californicum,3,Eudendrium californicum,284654
eudendrium spp,eudendrium spp,NA,117093,World Register of Marine Species:  www.marinespecies.org,Animalia,Cnidaria,Hydrozoa,Anthoathecata,Eudendriidae,Eudendrium,NULL,5,Eudendrium spp,117093
eudistoma diaphanes,archidistoma diaphanes,point contact,250207,World Register of Marine Species:  www.marinespecies.org,Animalia,Chordata,Ascidiacea,Aplousobranchia,Polycitoridae,Eudistoma,Eudistoma diaphanes,4,Eudistoma diaphanes,250207
eudistoma psammion,eudistoma psammion,point contact,250242,World Register of Marine Species:  www.marinespecies.org,Animalia,Chordata,Ascidiacea,Aplousobranchia,Polycitoridae,Eudistoma,Eudistoma psammion,3,Eudistoma psammion,250242
eudistoma ritteri,eudistoma ritteri,point contact,250250,World Register of Marine Species:  www.marinespecies.org,Animalia,Chordata,Ascidiacea,Aplousobranchia,Polycitoridae,Eudistoma,Eudistoma ritteri,3,Eudistoma ritteri,250250
eudistylia polymorpha; eudistylia vancouveri,eudistylia polymorpha,point contact,325075,World Register of Marine Species:  www.marinespecies.org,Animalia,Annelida,Polychaeta,Sabellida,Sabellidae,Eudistylia,NULL,3,Eudistylia polymorpha/vancouveri,325075
eugorgia rubens,eugorgia rubens,point contact,289935,World Register of Marine Species:  www.marinespecies.org,Animalia,Cnidaria,Octocorallia,Malacalcyonacea,Gorgoniidae,Eugorgia,Eugorgia rubens,4,Eugorgia rubens,289935
euherdmania claviformis,euherdmania claviformis,point contact,250653,World Register of Marine Species:  www.marinespecies.org,Animalia,Chordata,Ascidiacea,Aplousobranchia,Euherdmaniidae,Euherdmania,Euherdmania claviformis,4,Euherdmania claviformis,250653
eulithidium pulloides,eulithidium pulloides,quadrat,767148,World Register of Marine Species:  www.marinespecies.org,Animalia,Mollusca,Gastropoda,Trochida,Phasianellidae,Eulithidium,Eulithidium pulloides,4,Eulithidium pulloides,767148
eupentacta quinquesemita; eupentacta pseudoquinquesemita,eupentacta quinquesemita; eupentacta pseudoquinquesemita,quadrat,528610,World Register of Marine Species:  www.marinespecies.org,Animalia,Echinodermata,Holothuroidea,Dendrochirotida,Sclerodactylidae,Eupentacta,NULL,3,Eupentacta spp,528610
eupentacta spp,eupentacta spp,quadrat,528610,World Register of Marine Species:  www.marinespecies.org,Animalia,Echinodermata,Holothuroidea,Dendrochirotida,Sclerodactylidae,Eupentacta,NULL,4,Eupentacta spp,528610
eutrichosiphonia paniculata,eutrichosiphonia paniculata,point contact,1660526,World Register of Marine Species:  www.marinespecies.org,Plantae,(Division) Rhodophyta,Florideophyceae,Ceramiales,Rhodomelaceae,Eutrichosiphonia,Eutrichosiphonia paniculata,4,Polysiphonia/Eutrichosiphonia/Leptosiphonia/Vertebrata spp,143674
evasterias troschelii,evasterias troschelii,swath,255040,World Register of Marine Species:  www.marinespecies.org,Animalia,Echinodermata,Asteroidea,Forcipulatida,Asteriidae,Evasterias,Evasterias troschelii,3,Evasterias troschelii,255040
farlowia compressa,farlowia compressa,point contact,372720,World Register of Marine Species:  www.marinespecies.org,Plantae,(Division) Rhodophyta,Florideophyceae,Gigartinales,Dumontiaceae,Farlowia,Farlowia compressa,3,Farlowia/Pikea spp,143695
farlowia mollis,farlowia mollis,point contact,372571,World Register of Marine Species:  www.marinespecies.org,Plantae,(Division) Rhodophyta,Florideophyceae,Gigartinales,Dumontiaceae,Farlowia,Farlowia mollis,3,Farlowia/Pikea spp,143695
farlowia spp; pikea spp,farlowia spp; pikea spp,point contact,143695,World Register of Marine Species:  www.marinespecies.org,Plantae,(Division) Rhodophyta,Florideophyceae,Gigartinales,Dumontiaceae,NULL,NULL,2,Farlowia/Pikea spp,143695
feldmannia simplex,feldmannia cylindrica,point contact,145421,World Register of Marine Species:  www.marinespecies.org,Chromista,Ochrophyta,Phaeophyceae,Ectocarpales,Acinetosporaceae,Feldmannia,Feldmannia simplex,4,Feldmannia spp,144100
feldmannia spp,feldmannia spp,point contact,144100,World Register of Marine Species:  www.marinespecies.org,Chromista,Ochrophyta,Phaeophyceae,Ectocarpales,Acinetosporaceae,Feldmannia,NULL,5,Feldmannia spp,144100
fissurella rubropicta,fissurella rubropicta,quadrat,575124,World Register of Marine Species:  www.marinespecies.org,Animalia,Mollusca,Gastropoda,Lepetellida,Fissurellidae,Fissurella,Fissurella rubropicta,4,Fissurella rubropicta,575124
fissurella spp,fissurella spp,NA,138013,World Register of Marine Species:  www.marinespecies.org,Animalia,Mollusca,Gastropoda,Lepetellida,Fissurellidae,Fissurella,NULL,5,Fissurella spp,138013
fissurella volcano,fissurella volcano,quadrat,527881,World Register of Marine Species:  www.marinespecies.org,Animalia,Mollusca,Gastropoda,Lepetellida,Fissurellidae,Fissurella,Fissurella volcano,1,Fissurella volcano,527881
fissurellidea bimaculata,fissurellidea bimaculata,quadrat,527882,World Register of Marine Species:  www.marinespecies.org,Animalia,Mollusca,Gastropoda,Lepetellida,Fissurellidae,Fissurellidea,Fissurellidea bimaculata,3,Fissurellidea bimaculata,527882
flabellinopsis iodinea,flabellinopsis iodinea,quadrat,1047483,World Register of Marine Species:  www.marinespecies.org,Animalia,Mollusca,Gastropoda,Nudibranchia,Flabellinopsidae,Flabellinopsis,Flabellinopsis iodinea,4,Flabellinopsis iodinea,1047483
flatworm,flatworm,NA,793,World Register of Marine Species:  www.marinespecies.org,Animalia,Platyhelminthes,NULL,NULL,NULL,NULL,NULL,5,Flatworm,793
flustrellidra corniculata,flustrellidra corniculata,point contact,111620,World Register of Marine Species:  www.marinespecies.org,Animalia,Bryozoa,Gymnolaemata,Ctenostomatida,Flustrellidridae,Flustrellidra,Flustrellidra corniculata,3,Flustrellidra corniculata,111620
fredericqia chiton,fredericqia chiton,point contact,839665,World Register of Marine Species:  www.marinespecies.org,Plantae,(Division) Rhodophyta,Florideophyceae,Gigartinales,Phyllophoraceae,Fredericqia,Fredericqia chiton,3,Fredericqia chiton,839665
fucaceae,fucaceae,NA,143723,World Register of Marine Species:  www.marinespecies.org,Chromista,Ochrophyta,Phaeophyceae,Fucales,Fucaceae,NULL,NULL,5,Fucaceae,143723
fucus spiralis,fucus spiralis,point contact,145547,World Register of Marine Species:  www.marinespecies.org,Chromista,Ochrophyta,Phaeophyceae,Fucales,Fucaceae,Fucus,Fucus spiralis,4,Fucus spp,144129
fucus spp,fucus spp,point contact,144129,World Register of Marine Species:  www.marinespecies.org,Chromista,Ochrophyta,Phaeophyceae,Fucales,Fucaceae,Fucus,NULL,1,Fucus spp,144129
gastroclonium parvum,gastroclonium parvum,point contact,373020,World Register of Marine Species:  www.marinespecies.org,Plantae,(Division) Rhodophyta,Florideophyceae,Rhodymeniales,Champiaceae,Gastroclonium,Gastroclonium parvum,2,Gastroclonium parvum,373020
gastroclonium spp; neogastroclonium spp,gastroclonium spp; neogastroclonium spp,point contact,144239,World Register of Marine Species:  www.marinespecies.org,Plantae,(Division) Rhodophyta,Florideophyceae,Rhodymeniales,Champiaceae,Gastroclonium,NULL,5,DROP,NA
geitodoris heathi,geitodoris heathi,quadrat,579047,World Register of Marine Species:  www.marinespecies.org,Animalia,Mollusca,Gastropoda,Nudibranchia,Discodorididae,Geitodoris,Geitodoris heathi,4,Geitodoris heathi,579047
gelidiaceae,gelidiaceae,point contact,143726,World Register of Marine Species:  www.marinespecies.org,Plantae,(Division) Rhodophyta,Florideophyceae,Gelidiales,Gelidiaceae,NULL,NULL,5,DROP,NA
gelidiales,gelidiales,point contact,146315,World Register of Marine Species:  www.marinespecies.org,Plantae,(Division) Rhodophyta,Florideophyceae,Gelidiales,NULL,NULL,NULL,5,DROP,NA
gelidium coulteri,gelidium coulteri,point contact,372573,World Register of Marine Species:  www.marinespecies.org,Plantae,(Division) Rhodophyta,Florideophyceae,Gelidiales,Gelidiaceae,Gelidium,Gelidium coulteri,1,Gelidium spp,144135
gelidium purpurascens,gelidium purpurascens,point contact,372126,World Register of Marine Species:  www.marinespecies.org,Plantae,(Division) Rhodophyta,Florideophyceae,Gelidiales,Gelidiaceae,Gelidium,Gelidium purpurascens,2,Gelidium purpurascens,372126
gelidium robustum,gelidium robustum,point contact,372718,World Register of Marine Species:  www.marinespecies.org,Plantae,(Division) Rhodophyta,Florideophyceae,Gelidiales,Gelidiaceae,Gelidium,Gelidium robustum,2,Gelidium robustum,372718
gelidium spp,gelidium spp,point contact,144135,World Register of Marine Species:  www.marinespecies.org,Plantae,(Division) Rhodophyta,Florideophyceae,Gelidiales,Gelidiaceae,Gelidium,NULL,5,Gelidium spp,144135
gemophos gemmatus,gemophos gemmatus,quadrat,491011,World Register of Marine Species:  www.marinespecies.org,Animalia,Mollusca,Gastropoda,Neogastropoda,Pisaniidae,Gemophos,Gemophos gemmatus,4,Gemophos gemmatus,491011
gersemia rubiformis,gersemia rubiformis,point contact,156103,World Register of Marine Species:  www.marinespecies.org,Animalia,Cnidaria,Octocorallia,Malacalcyonacea,Alcyoniidae,Gersemia,Gersemia rubiformis,4,Gersemia rubiformis,156103
gigahomalopoma luridum,gigahomalopoma luridum,quadrat,1644378,World Register of Marine Species:  www.marinespecies.org,Animalia,Mollusca,Gastropoda,Trochida,Colloniidae,Gigahomalopoma,Gigahomalopoma luridum,4,Homalopoma spp/Gigahomalopoma luridum,382202
girella nigricans,girella nigricans,NA,280865,World Register of Marine Species:  www.marinespecies.org,Animalia,Chordata,Teleostei,Centrarchiformes,Kyphosidae,Girella,Girella nigricans,5,DROP,NA
glans carpenteri,glans carpenteri,point contact,504908,World Register of Marine Species:  www.marinespecies.org,Animalia,Mollusca,Bivalvia,Carditida,Carditidae,Glans,Glans carpenteri,4,Glans carpenteri,504908
glebocarcinus oregonensis,cancer oregonensis,quadrat,440384,World Register of Marine Species:  www.marinespecies.org,Animalia,Arthropoda,Malacostraca,Decapoda,Cancridae,Glebocarcinus,Glebocarcinus oregonensis,3,Glebocarcinus oregonensis,440384
gloiocladia laciniata,fauchea laciniata,point contact,503894,World Register of Marine Species:  www.marinespecies.org,Plantae,(Division) Rhodophyta,Florideophyceae,Rhodymeniales,Faucheaceae,Gloiocladia,Gloiocladia laciniata,3,Gloiocladia laciniata,503894
gloiopeltis furcata,gloiopeltis furcata,point contact,372181,World Register of Marine Species:  www.marinespecies.org,Plantae,(Division) Rhodophyta,Florideophyceae,Gigartinales,Endocladiaceae,Gloiopeltis,Gloiopeltis furcata,2,Gloiopeltis furcata,372181
gloiosiphonia californica,gloiosiphonia californica,point contact,494943,World Register of Marine Species:  www.marinespecies.org,Plantae,(Division) Rhodophyta,Florideophyceae,Gigartinales,Gloiosiphoniaceae,Gloiosiphonia,Gloiosiphonia californica,3,Gloiosiphonia californica,494943
gloiosiphonia capillaris,gloiosiphonia capillaris,point contact,145232,World Register of Marine Species:  www.marinespecies.org,Plantae,(Division) Rhodophyta,Florideophyceae,Gigartinales,Gloiosiphoniaceae,Gloiosiphonia,Gloiosiphonia capillaris,4,Gloiosiphonia capillaris,145232
gloiosiphonia spp,gloiosiphonia spp,NA,144036,World Register of Marine Species:  www.marinespecies.org,Plantae,(Division) Rhodophyta,Florideophyceae,Gigartinales,Gloiosiphoniaceae,Gloiosiphonia,NULL,5,Gloiosiphonia spp,144036
gloiosiphonia verticillaris,gloiosiphonia verticillaris,point contact,372574,World Register of Marine Species:  www.marinespecies.org,Plantae,(Division) Rhodophyta,Florideophyceae,Gigartinales,Gloiosiphoniaceae,Gloiosiphonia,Gloiosiphonia verticillaris,4,Gloiosiphonia verticillaris,372574
gnorimosphaeroma oregonense,gnorimosphaeroma oregonense,quadrat,1264222,World Register of Marine Species:  www.marinespecies.org,Animalia,Arthropoda,Malacostraca,Isopoda,Sphaeromatidae,Gnorimosphaeroma,Gnorimosphaeroma oregonense,3,Cirolana spp/Gnorimosphaeroma oregonense,118399
gobiesox spp,gobiesox spp,NA,158785,World Register of Marine Species:  www.marinespecies.org,Animalia,Chordata,Teleostei,Gobiesociformes,Gobiesocidae,Gobiesox,NULL,5,DROP,NA
gracilaria veleroae,gracilaria veleroae,point contact,503905,World Register of Marine Species:  www.marinespecies.org,Plantae,(Division) Rhodophyta,Florideophyceae,Gracilariales,Gracilariaceae,Gracilaria,Gracilaria veleroae,3,Gracilariopsis/Gracilaria spp,143748
gracilariopsis spp; gracilaria spp,gracilariopsis spp; gracilaria spp,point contact,143748,World Register of Marine Species:  www.marinespecies.org,Plantae,(Division) Rhodophyta,Florideophyceae,Gracilariales,Gracilariaceae,NULL,NULL,2,Gracilariopsis/Gracilaria spp,143748
granulina spp,granulina spp,quadrat,138165,World Register of Marine Species:  www.marinespecies.org,Animalia,Mollusca,Gastropoda,Neogastropoda,Granulinidae,Granulina,NULL,4,Granulina spp,138165
grateloupia angusta,prionitis angusta,point contact,376948,World Register of Marine Species:  www.marinespecies.org,Plantae,(Division) Rhodophyta,Florideophyceae,Halymeniales,Grateloupiaceae,Grateloupia,Grateloupia angusta,3,Grateloupia angusta,376948
grateloupia californica,grateloupia californica,point contact,499360,World Register of Marine Species:  www.marinespecies.org,Plantae,(Division) Rhodophyta,Florideophyceae,Halymeniales,Grateloupiaceae,Grateloupia,Grateloupia californica,2,Grateloupia californica,499360
grateloupia cornea,prionitis cornea,point contact,373862,World Register of Marine Species:  www.marinespecies.org,Plantae,(Division) Rhodophyta,Florideophyceae,Halymeniales,Grateloupiaceae,Grateloupia,Grateloupia cornea,3,Grateloupia cornea,373862
grateloupia spp; prionitis spp,grateloupia spp; prionitis spp,NA,144044,World Register of Marine Species:  www.marinespecies.org,Plantae,(Division) Rhodophyta,Florideophyceae,Halymeniales,Grateloupiaceae,Grateloupia,NULL,5,Grateloupia/Prionitis spp,144044
griffithsia pacifica,griffithsia pacifica,point contact,372577,World Register of Marine Species:  www.marinespecies.org,Plantae,(Division) Rhodophyta,Florideophyceae,Ceramiales,Wrangeliaceae,Griffithsia,Griffithsia pacifica,4,Griffithsia pacifica,372577
gunnel,gunnel,NA,125550,World Register of Marine Species:  www.marinespecies.org,Animalia,Chordata,Teleostei,Perciformes,Pholidae,NULL,NULL,5,DROP,NA
halichondria panicea,halichondria panicea,point contact,165853,World Register of Marine Species:  www.marinespecies.org,Animalia,Porifera,Demospongiae,Suberitida,Halichondriidae,Halichondria,Halichondria (Halichondria),3,Halichondria spp,131807
halichondria spp,halichondria spp,point contact,131807,World Register of Marine Species:  www.marinespecies.org,Animalia,Porifera,Demospongiae,Suberitida,Halichondriidae,Halichondria,NULL,3,Halichondria spp,131807
haliclona enamela,haliclona enamela,point contact,196373,World Register of Marine Species:  www.marinespecies.org,Animalia,Porifera,Demospongiae,Haplosclerida,Chalinidae,Haliclona,Haliclona (Rhizoniera) enamela,4,Haliclona spp,131834
haliclona spp,haliclona spp,point contact,131834,World Register of Marine Species:  www.marinespecies.org,Animalia,Porifera,Demospongiae,Haplosclerida,Chalinidae,Haliclona,NULL,2,Haliclona spp,131834
haliotis corrugata,haliotis corrugata,swath,445308,World Register of Marine Species:  www.marinespecies.org,Animalia,Mollusca,Gastropoda,Lepetellida,Haliotidae,Haliotis,Haliotis corrugata,3,Haliotis corrugata,445308
haliotis cracherodii,haliotis cracherodii,swath,405012,World Register of Marine Species:  www.marinespecies.org,Animalia,Mollusca,Gastropoda,Lepetellida,Haliotidae,Haliotis,Haliotis cracherodii,2,Haliotis cracherodii,405012
haliotis fulgens,haliotis fulgens,swath,445325,World Register of Marine Species:  www.marinespecies.org,Animalia,Mollusca,Gastropoda,Lepetellida,Haliotidae,Haliotis,Haliotis fulgens,3,Haliotis fulgens,445325
haliotis kamtschatkana,haliotis kamtschatkana,swath,405014,World Register of Marine Species:  www.marinespecies.org,Animalia,Mollusca,Gastropoda,Lepetellida,Haliotidae,Haliotis,Haliotis kamtschatkana,3,Haliotis kamtschatkana,405014
haliotis rufescens,haliotis rufescens,swath,445357,World Register of Marine Species:  www.marinespecies.org,Animalia,Mollusca,Gastropoda,Lepetellida,Haliotidae,Haliotis,Haliotis rufescens,3,Haliotis rufescens,445357
halosaccion glandiforme,halosaccion glandiforme,point contact,372579,World Register of Marine Species:  www.marinespecies.org,Plantae,(Division) Rhodophyta,Florideophyceae,Palmariales,Palmariaceae,Halosaccion,Halosaccion glandiforme,1,Halosaccion glandiforme,372579
haminoea spp,haminoea spp,NA,138054,World Register of Marine Species:  www.marinespecies.org,Animalia,Mollusca,Gastropoda,Cephalaspidea,Haminoeidae,Haminoea,NULL,5,Haminoea spp,138054
haminoea vesicula,haminoea vesicula,quadrat,575156,World Register of Marine Species:  www.marinespecies.org,Animalia,Mollusca,Gastropoda,Cephalaspidea,Haminoeidae,Haminoea,Haminoea vesicula,3,Haminoea vesicula,575156
haminoea virescens,haminoea virescens,quadrat,575157,World Register of Marine Species:  www.marinespecies.org,Animalia,Mollusca,Gastropoda,Cephalaspidea,Haminoeidae,Haminoea,Haminoea virescens,3,Haminoea virescens,575157
hapalospongidion gelatinosum,hapalospongidion gelatinosum,point contact,372686,World Register of Marine Species:  www.marinespecies.org,Chromista,Ochrophyta,Phaeophyceae,Ralfsiales,Hapalospongidiaceae,Hapalospongidion,Hapalospongidion gelatinosum,3,Hapalospongidion gelatinosum,372686
haplogloia andersonii,haplogloia andersonii,point contact,372689,World Register of Marine Species:  www.marinespecies.org,Chromista,Ochrophyta,Phaeophyceae,Ectocarpales,Chordariaceae,Haplogloia,Haplogloia andersonii,3,Haplogloia andersonii,372689
hapterophycus canaliculatus,hapterophycus canaliculatus,point contact,496081,World Register of Marine Species:  www.marinespecies.org,Chromista,Ochrophyta,Phaeophyceae,Ectocarpales,Scytosiphonaceae,Hapterophycus,Hapterophycus canaliculatus,3,Hapterophycus canaliculatus,496081
harmothoe imbricata,harmothoe imbricata,point contact,130769,World Register of Marine Species:  www.marinespecies.org,Animalia,Annelida,Polychaeta,Phyllodocida,Polynoidae,Harmothoe,Harmothoe imbricata,4,Harmothoe imbricata,130769
hedophyllum bongardianum,hedophyllum bongardianum,point contact,667215,World Register of Marine Species:  www.marinespecies.org,Chromista,Ochrophyta,Phaeophyceae,Laminariales,Laminariaceae,Hedophyllum,Hedophyllum bongardianum,4,Hedophyllum bongardianum,667215
hedophyllum sessile,hedophyllum sessile,point contact,496237,World Register of Marine Species:  www.marinespecies.org,Chromista,Ochrophyta,Phaeophyceae,Laminariales,Laminariaceae,Hedophyllum,Hedophyllum sessile,1,Hedophyllum sessile,496237
heliaster kubiniji,heliaster kubiniji,swath,255074,World Register of Marine Species:  www.marinespecies.org,Animalia,Echinodermata,Asteroidea,Forcipulatida,Heliasteridae,Heliaster,Heliaster kubiniji,3,Heliaster kubiniji,255074
hemigrapsus nudus,hemigrapsus nudus,quadrat,444776,World Register of Marine Species:  www.marinespecies.org,Animalia,Arthropoda,Malacostraca,Decapoda,Varunidae,Hemigrapsus,Hemigrapsus nudus,2,Hemigrapsus nudus,444776
hemigrapsus oregonensis,hemigrapsus oregonensis,quadrat,444778,World Register of Marine Species:  www.marinespecies.org,Animalia,Arthropoda,Malacostraca,Decapoda,Varunidae,Hemigrapsus,Hemigrapsus oregonensis,3,Hemigrapsus oregonensis,444778
hemigrapsus spp,hemigrapsus spp,quadrat,106964,World Register of Marine Species:  www.marinespecies.org,Animalia,Arthropoda,Malacostraca,Decapoda,Varunidae,Hemigrapsus,NULL,5,DROP,NA
henricia spp,henricia spp,swath,123276,World Register of Marine Species:  www.marinespecies.org,Animalia,Echinodermata,Asteroidea,Spinulosida,Echinasteridae,Henricia,NULL,2,Henricia spp,123276
heptacarpus sitchensis,heptacarpus pictus,quadrat,515266,World Register of Marine Species:  www.marinespecies.org,Animalia,Arthropoda,Malacostraca,Decapoda,Thoridae,Heptacarpus,Heptacarpus sitchensis,4,Heptacarpus,248339
heptacarpus spp,heptacarpus spp,quadrat,248339,World Register of Marine Species:  www.marinespecies.org,Animalia,Arthropoda,Malacostraca,Decapoda,Thoridae,Heptacarpus,NULL,4,Heptacarpus,248339
hermissenda crassicornis,hermissenda crassicornis,quadrat,367883,World Register of Marine Species:  www.marinespecies.org,Animalia,Mollusca,Gastropoda,Nudibranchia,Myrrhinidae,Hermissenda,Hermissenda crassicornis,3,Hermissenda crassicornis,367883
hermit crabs,hermit crabs,quadrat,1130,World Register of Marine Species:  www.marinespecies.org,Animalia,Arthropoda,Malacostraca,Decapoda,NULL,NULL,NULL,5,DROP,NA
herpochondria borealis,microcladia borealis,point contact,1735073,World Register of Marine Species:  www.marinespecies.org,Plantae,(Division) Rhodophyta,Florideophyceae,Ceramiales,Ceramiaceae,Herpochondria,Herpochondria borealis,1,Herpochondria borealis,1735073
herposiphonia littoralis,herposiphonia littoralis,point contact,372831,World Register of Marine Species:  www.marinespecies.org,Plantae,(Division) Rhodophyta,Florideophyceae,Ceramiales,Rhodomelaceae,Herposiphonia,Herposiphonia littoralis,3,Herposiphonia littoralis,372831
herposiphonia plumula,herposiphonia plumula,point contact,372584,World Register of Marine Species:  www.marinespecies.org,Plantae,(Division) Rhodophyta,Florideophyceae,Ceramiales,Rhodomelaceae,Herposiphonia,Herposiphonia plumula,3,Herposiphonia plumula,372584
herposiphonia spp,herposiphonia spp,NA,205966,World Register of Marine Species:  www.marinespecies.org,Plantae,(Division) Rhodophyta,Florideophyceae,Ceramiales,Rhodomelaceae,Herposiphonia,NULL,5,Herposiphonia spp,205966
herposiphonia verticillata,herposiphonia verticillata,point contact,372832,World Register of Marine Species:  www.marinespecies.org,Plantae,(Division) Rhodophyta,Florideophyceae,Ceramiales,Rhodomelaceae,Herposiphonia,Herposiphonia verticillata,3,Herposiphonia verticillata,372832
hesperaptyxis luteopictus,hesperaptyxis luteopictus,quadrat,889636,World Register of Marine Species:  www.marinespecies.org,Animalia,Mollusca,Gastropoda,Neogastropoda,Fasciolariidae,Hesperaptyxis,Hesperaptyxis luteopictus,4,Hesperaptyxis luteopictus,889636
hespererato vitellina,hespererato vitellina,quadrat,580679,World Register of Marine Species:  www.marinespecies.org,Animalia,Mollusca,Gastropoda,Littorinimorpha,Eratoidae,Hespererato,Hespererato vitellina,4,Hespererato vitellina,580679
heteropora alaskensis,heteropora alaskensis,point contact,471601,World Register of Marine Species:  www.marinespecies.org,Animalia,Bryozoa,Stenolaemata,Cyclostomatida,Heteroporidae,Heteropora,Heteropora alaskensis,4,Heteropora alaskensis,471601
heterosiphonia erecta,heterosiphonia erecta,point contact,372816,World Register of Marine Species:  www.marinespecies.org,Plantae,(Division) Rhodophyta,Florideophyceae,Ceramiales,Delesseriaceae,Heterosiphonia,Heterosiphonia erecta,4,Heterosiphonia erecta,372816
heterosiphonia spp,heterosiphonia spp,point contact,143874,World Register of Marine Species:  www.marinespecies.org,Plantae,(Division) Rhodophyta,Florideophyceae,Ceramiales,Delesseriaceae,Heterosiphonia,NULL,4,Heterosiphonia spp,143874
hildenbrandia spp; peyssonnelia spp,hildenbrandia spp; peyssonnelia spp,point contact,368670,World Register of Marine Species:  www.marinespecies.org,Plantae,(Division) Rhodophyta,Florideophyceae,NULL,NULL,NULL,NULL,1,Non Coralline crust,NA
hildenbrandia spp; peyssonnelia spp; petrocelis,hildenbrandia spp; peyssonnelia spp; petrocelis,point contact,368670,World Register of Marine Species:  www.marinespecies.org,Plantae,(Division) Rhodophyta,Florideophyceae,NULL,NULL,NULL,NULL,4,Non Coralline crust,NA
hipponix cranioides,hipponix cranioides,quadrat,138072,World Register of Marine Species:  www.marinespecies.org,Animalia,Mollusca,Gastropoda,Littorinimorpha,Hipponicidae,Hipponix,NULL,4,Hipponix cranioides,1446760
hollenbergia subulata,hollenbergia subulata,point contact,372585,World Register of Marine Species:  www.marinespecies.org,Plantae,Rhodophyta,Florideophyceae,Ceramiales,Ceramiaceae,Hollenbergia,Hollenbergia subulata,4,Hollenbergia subulata,372585
homalopoma spp; gigahomalopoma luridum,homalopoma spp; gigahomalopoma luridum,quadrat,382202,World Register of Marine Species:  www.marinespecies.org,Animalia,Mollusca,Gastropoda,Trochida,Colloniidae,NULL,NULL,1,Homalopoma spp/Gigahomalopoma luridum,382202
hydroid,hydroid,NA,1337,World Register of Marine Species:  www.marinespecies.org,Animalia,Cnidaria,Hydrozoa,NULL,NULL,NULL,NULL,5,Hydroid,1337
hymeniacidon ungodon,hymeniacidon ungodon,point contact,165921,World Register of Marine Species:  www.marinespecies.org,Animalia,Porifera,Demospongiae,Suberitida,Halichondriidae,Hymeniacidon,Hymeniacidon ungodon,4,Hymeniacidon ungodon,165921
hypnea johnstonii,hypnea johnstonii,point contact,372760,World Register of Marine Species:  www.marinespecies.org,Plantae,(Division) Rhodophyta,Florideophyceae,Gigartinales,Cystocloniaceae,Hypnea,Hypnea johnstonii,4,Hypnea spp,144157
hypnea spp,hypnea spp,NA,144157,World Register of Marine Species:  www.marinespecies.org,Plantae,(Division) Rhodophyta,Florideophyceae,Gigartinales,Cystocloniaceae,Hypnea,NULL,3,Hypnea spp,144157
hypnea valentiae,hypnea valentiae,point contact,145636,World Register of Marine Species:  www.marinespecies.org,Plantae,(Division) Rhodophyta,Florideophyceae,Gigartinales,Cystocloniaceae,Hypnea,Hypnea valentiae,4,Hypnea spp,144157
hypnea variabilis,hypnea variabilis,point contact,372238,World Register of Marine Species:  www.marinespecies.org,Plantae,(Division) Rhodophyta,Florideophyceae,Gigartinales,Cystocloniaceae,Hypnea,Hypnea variabilis,4,Hypnea spp,144157
idotea spp,idotea spp,quadrat,118454,World Register of Marine Species:  www.marinespecies.org,Animalia,Arthropoda,Malacostraca,Isopoda,Idoteidae,Idotea,NULL,1,Idotea spp/Pentidotea spp,118283
integripelta bilabiata,eurystomella bilabiata,point contact,466975,World Register of Marine Species:  www.marinespecies.org,Animalia,Bryozoa,Gymnolaemata,Cheilostomatida,Eurystomellidae,Integripelta,Integripelta bilabiata,3,Integripelta bilabiata,466975
isabbottia ovalifolia,isabbottia ovalifolia,point contact,372591,World Register of Marine Species:  www.marinespecies.org,Plantae,(Division) Rhodophyta,Florideophyceae,Halymeniales,Halymeniaceae,Isabbottia,Isabbottia ovalifolia,4,Isabbottia ovalifolia,372591
jania rosea,jania rosea,point contact,375194,World Register of Marine Species:  www.marinespecies.org,Plantae,(Division) Rhodophyta,Florideophyceae,Corallinales,Corallinaceae,Jania,Jania rosea,3,Jania rosea,375194
jania spp,jania spp,NA,144012,World Register of Marine Species:  www.marinespecies.org,Plantae,(Division) Rhodophyta,Florideophyceae,Corallinales,Corallinaceae,Jania,NULL,5,Jania spp,144012
jania tenella,jania tenella,point contact,211621,World Register of Marine Species:  www.marinespecies.org,Plantae,(Division) Rhodophyta,Florideophyceae,Corallinales,Corallinaceae,Jania,Jania tenella,3,Jania tenella,211621
jania verrucosa,jania verrucosa,point contact,211624,World Register of Marine Species:  www.marinespecies.org,Plantae,(Division) Rhodophyta,Florideophyceae,Corallinales,Corallinaceae,Jania,Jania verrucosa,2,Jania verrucosa,211624
jenneria pustulata,jenneria pustulata,quadrat,437164,World Register of Marine Species:  www.marinespecies.org,Animalia,Mollusca,Gastropoda,Littorinimorpha,Ovulidae,Jenneria,Jenneria pustulata,4,Jenneria pustulata,437164
johansenia macmillanii,johansenia macmillanii,point contact,838460,World Register of Marine Species:  www.marinespecies.org,Plantae,(Division) Rhodophyta,Florideophyceae,Corallinales,Corallinaceae,Johansenia,Johansenia macmillanii,3,Johansenia macmillanii,838460
juvenile crab,juvenile crab,NA,1130,World Register of Marine Species:  www.marinespecies.org,Animalia,Arthropoda,Malacostraca,Decapoda,NULL,NULL,NULL,5,DROP,NA
katharina tunicata,katharina tunicata,quadrat,386338,World Register of Marine Species:  www.marinespecies.org,Animalia,Mollusca,Polyplacophora,Chitonida,Mopaliidae,Katharina,Katharina tunicata,1,Katharina tunicata,386338
kelletia kelletii,kelletia kelletii,quadrat,491054,World Register of Marine Species:  www.marinespecies.org,Animalia,Mollusca,Gastropoda,Neogastropoda,Austrosiphonidae,Kelletia,Kelletia kelletii,3,Kelletia kelletii,491054
lacuna spp,lacuna spp,quadrat,138099,World Register of Marine Species:  www.marinespecies.org,Animalia,Mollusca,Gastropoda,Littorinimorpha,Littorinidae,Lacuna,NULL,1,Lacuna spp,138099
laminaria ephemera,laminaria ephemera,point contact,372506,World Register of Marine Species:  www.marinespecies.org,Chromista,Ochrophyta,Phaeophyceae,Laminariales,Laminariaceae,Laminaria,Laminaria ephemera,3,Laminaria ephemera,372506
laminaria farlowii,laminaria farlowii,point contact,372698,World Register of Marine Species:  www.marinespecies.org,Chromista,Ochrophyta,Phaeophyceae,Laminariales,Laminariaceae,Laminaria,Laminaria farlowii,3,Laminaria farlowii,372698
laminariales,laminariales,point contact,845,World Register of Marine Species:  www.marinespecies.org,Chromista,Ochrophyta,Phaeophyceae,Laminariales,NULL,NULL,NULL,5,DROP,NA
laminaria setchellii,laminaria setchellii,point contact,240748,World Register of Marine Species:  www.marinespecies.org,Chromista,Ochrophyta,Phaeophyceae,Laminariales,Laminariaceae,Laminaria,Laminaria setchellii,1,Laminaria setchellii,240748
laminaria sinclairii,laminaria sinclairii,point contact,372507,World Register of Marine Species:  www.marinespecies.org,Chromista,Ochrophyta,Phaeophyceae,Laminariales,Laminariaceae,Laminaria,Laminaria sinclairii,1,Laminaria sinclairii,372507
laminaria spp,laminaria spp,NA,144199,World Register of Marine Species:  www.marinespecies.org,Chromista,Ochrophyta,Phaeophyceae,Laminariales,Laminariaceae,Laminaria,NULL,5,Laminaria spp,144199
lasaea spp,lasaea spp,point contact,138104,World Register of Marine Species:  www.marinespecies.org,Animalia,Mollusca,Bivalvia,Galeommatida,Lasaeidae,Lasaea,NULL,4,Lasaea spp,138104
laurencia decidua,laurencia decidua,point contact,372836,World Register of Marine Species:  www.marinespecies.org,Plantae,(Division) Rhodophyta,Florideophyceae,Ceramiales,Rhodomelaceae,Laurencia,Laurencia decidua,4,Laurencia spp,143914
laurencia gardneri,laurencia gardneri,point contact,372837,World Register of Marine Species:  www.marinespecies.org,Plantae,(Division) Rhodophyta,Florideophyceae,Ceramiales,Rhodomelaceae,Laurencia,Laurencia gardneri,3,Laurencia spp,143914
laurencia lajolla,laurencia lajolla,point contact,372838,World Register of Marine Species:  www.marinespecies.org,Plantae,(Division) Rhodophyta,Florideophyceae,Ceramiales,Rhodomelaceae,Laurencia,Laurencia lajolla,4,Laurencia spp,143914
laurencia pacifica; laurencia masonii,laurencia pacifica; laurencia masonii,point contact,143914,World Register of Marine Species:  www.marinespecies.org,Plantae,(Division) Rhodophyta,Florideophyceae,Ceramiales,Rhodomelaceae,Laurencia,NULL,1,Laurencia pacifica/masonii,143914
laurencia snyderae,laurencia snyderae,point contact,372841,World Register of Marine Species:  www.marinespecies.org,Plantae,(Division) Rhodophyta,Florideophyceae,Ceramiales,Rhodomelaceae,Laurencia,Laurencia snyderae,3,Laurencia spp,143914
laurencia spp,laurencia spp,point contact,143914,World Register of Marine Species:  www.marinespecies.org,Plantae,(Division) Rhodophyta,Florideophyceae,Ceramiales,Rhodomelaceae,Laurencia,NULL,5,Laurencia spp,143914
laurencia subopposita,laurencia subopposita,point contact,372843,World Register of Marine Species:  www.marinespecies.org,Plantae,(Division) Rhodophyta,Florideophyceae,Ceramiales,Rhodomelaceae,Laurencia,Laurencia subopposita,4,Laurencia spp,143914
leathesia marina,leathesia marina,point contact,494940,World Register of Marine Species:  www.marinespecies.org,Chromista,Ochrophyta,Phaeophyceae,Ectocarpales,Chordariaceae,Leathesia,Leathesia marina,3,Colpomenia/Leathesia spp,842
leiosolenus plumula,leiosolenus plumula,point contact,506060,World Register of Marine Species:  www.marinespecies.org,Animalia,Mollusca,Bivalvia,Mytilida,Modiolidae,Leiosolenus,Leiosolenus plumula,4,Leiosolenus plumula,506060
lepidozona spp,lepidozona spp,quadrat,204533,World Register of Marine Species:  www.marinespecies.org,Animalia,Mollusca,Polyplacophora,Chitonida,Ischnochitonidae,Lepidozona,NULL,1,Lepidozona spp,204533
leptasterias spp,leptasterias spp,quadrat,123222,World Register of Marine Species:  www.marinespecies.org,Animalia,Echinodermata,Asteroidea,Forcipulatida,Asteriidae,Leptasterias,NULL,1,Leptasterias spp,123222
leptocladia binghamiae,leptocladia binghamiae,point contact,372722,World Register of Marine Species:  www.marinespecies.org,Plantae,(Division) Rhodophyta,Florideophyceae,Gigartinales,Dumontiaceae,Leptocladia,Leptocladia binghamiae,4,Leptocladia binghamiae,372722
leptogorgia chilensis,lophogorgia chilensis,point contact,286222,World Register of Marine Species:  www.marinespecies.org,Animalia,Cnidaria,Octocorallia,Malacalcyonacea,Gorgoniidae,Leptogorgia,Leptogorgia chilensis,4,Leptogorgia chilensis,286222
leptopecten spp,leptopecten spp,point contact,394308,World Register of Marine Species:  www.marinespecies.org,Animalia,Mollusca,Bivalvia,Pectinida,Pectinidae,Leptopecten,NULL,4,Leptopecten spp,394308
leptosiphonia brodiei,leptosiphonia brodiei,point contact,1340377,World Register of Marine Species:  www.marinespecies.org,Plantae,(Division) Rhodophyta,Florideophyceae,Ceramiales,Rhodomelaceae,Leptosiphonia,Leptosiphonia brodiei,4,Polysiphonia/Eutrichosiphonia/Leptosiphonia/Vertebrata spp,143674
lessoniopsis littoralis,lessoniopsis littoralis,point contact,372508,World Register of Marine Species:  www.marinespecies.org,Chromista,Ochrophyta,Phaeophyceae,Laminariales,Alariaceae,Lessoniopsis,Lessoniopsis littoralis,2,Lessoniopsis littoralis,372508
leucetta losangelensis,leucetta losangelensis,point contact,164341,World Register of Marine Species:  www.marinespecies.org,Animalia,Porifera,Calcarea,Leucosolenida,Grantiidae,Leucandra,Leucandra losangelensis,4,Leucandra losangelensis,164341
leucilla nuttingi,leucilla nuttingi,point contact,164219,World Register of Marine Species:  www.marinespecies.org,Animalia,Porifera,Calcarea,Leucosolenida,Amphoriscidae,Leucilla,Leucilla nuttingi,4,Leucilla nuttingi,164219
leucosolenia eleanor,leucosolenia eleanor,point contact,164523,World Register of Marine Species:  www.marinespecies.org,Animalia,Porifera,Calcarea,Leucosolenida,Leucosoleniidae,Leucosolenia,Leucosolenia eleanor,4,Leucosolenia eleanor,164523
lichen,lichen,point contact,382455,World Register of Marine Species:  www.marinespecies.org,Fungi,(Division) Ascomycota,Lecanoromycetes,Lecanorales,Parmeliaceae,NULL,NULL,3,Lichen,438309
ligia pallasi,ligia pallasi,quadrat,257558,World Register of Marine Species:  www.marinespecies.org,Animalia,Arthropoda,Malacostraca,Isopoda,Ligiidae,Ligia,Ligia pallasii,4,Ligia spp,146998
ligia spp,ligia spp,quadrat,146998,World Register of Marine Species:  www.marinespecies.org,Animalia,Arthropoda,Malacostraca,Isopoda,Ligiidae,Ligia,NULL,2,Ligia spp,146998
limacia cockerelli,limacia cockerelli,quadrat,531202,World Register of Marine Species:  www.marinespecies.org,Animalia,Mollusca,Gastropoda,Nudibranchia,Polyceridae,Limacia,Limacia cockerelli,3,Limacia cockerelli,531202
limacia spp,limacia spp,NA,138368,World Register of Marine Species:  www.marinespecies.org,Animalia,Mollusca,Gastropoda,Nudibranchia,Polyceridae,Limacia,NULL,5,Limacia spp,138368
linckia columbiae,linckia columbiae,swath,378630,World Register of Marine Species:  www.marinespecies.org,Animalia,Echinodermata,Asteroidea,Valvatida,Ophidiasteridae,Linckia,Linckia columbiae,3,Linckia columbiae,378630
liparis florae,liparis florae,quadrat,274513,World Register of Marine Species:  www.marinespecies.org,Animalia,Chordata,Teleostei,Perciformes,Liparidae,Liparis,Liparis florae,5,DROP,NA
lirabuccinum dirum,lirabuccinum dirum,quadrat,491076,World Register of Marine Species:  www.marinespecies.org,Animalia,Mollusca,Gastropoda,Neogastropoda,Tudiclidae,Lirabuccinum,Lirabuccinum dirum,2,Lirabuccinum dirum,491076
lirobittium attenuatum,lirobittium attenuatum,quadrat,580433,World Register of Marine Species:  www.marinespecies.org,Animalia,Mollusca,Gastropoda,Caenogastropoda incertae,Cerithiidae,Lirobittium,Lirobittium attenuatum,2,Lirobittium attenuatum,580433
lirularia spp; margarites spp,lirularia spp; margarites spp,quadrat,443,World Register of Marine Species:  www.marinespecies.org,Animalia,Mollusca,Gastropoda,Trochida,Trochidae,NULL,NULL,1,Lirularia/Margarites spp,443
lithophyllum impressum,lithophyllum impressum,point contact,372596,World Register of Marine Species:  www.marinespecies.org,Plantae,(Division) Rhodophyta,Florideophyceae,Corallinales,Lithophyllaceae,Lithophyllum,Lithophyllum impressum,4,Encrusting coralline,15308
lithophyllum spp; lithothamnion spp,lithophyllum spp; lithothamnion spp,point contact,15308,World Register of Marine Species:  www.marinespecies.org,Plantae,(Division) Rhodophyta,Florideophyceae,Corallinales,NULL,NULL,NULL,3,Lithophyllum/Lithothamnion spp,15308
lithothrix aspergillum,lithothrix aspergillum,point contact,372598,World Register of Marine Species:  www.marinespecies.org,Plantae,(Division) Rhodophyta,Florideophyceae,Corallinales,Lithophyllaceae,Lithothrix,Lithothrix aspergillum,1,Lithothrix aspergillum,372598
littorina keenae,littorina keenae,quadrat,445651,World Register of Marine Species:  www.marinespecies.org,Animalia,Mollusca,Gastropoda,Littorinimorpha,Littorinidae,Littorina,Littorina keenae,1,Littorina keenae,445651
littorina plena; littorina scutulata,littorina plena; littorina scutulata,quadrat,138135,World Register of Marine Species:  www.marinespecies.org,Animalia,Mollusca,Gastropoda,Littorinimorpha,Littorinidae,Littorina,NULL,1,Littorina plena/scutulata,138135
littorina sitkana; littorina subrotundata,littorina sitkana; littorina subrotundata,quadrat,138135,World Register of Marine Species:  www.marinespecies.org,Animalia,Mollusca,Gastropoda,Littorinimorpha,Littorinidae,Littorina,NULL,1,Littorina sitkana/subrotundata,138135
littorina spp,littorina spp,quadrat,138135,World Register of Marine Species:  www.marinespecies.org,Animalia,Mollusca,Gastropoda,Littorinimorpha,Littorinidae,Littorina,NULL,5,Littorina spp,138135
lomentaria hakodatensis,lomentaria hakodatensis,point contact,232230,World Register of Marine Species:  www.marinespecies.org,Plantae,(Division) Rhodophyta,Florideophyceae,Rhodymeniales,Lomentariaceae,Lomentaria,Lomentaria hakodatensis,2,Lomentaria hakodatensis,232230
lomentaria spp,lomentaria spp,NA,144245,World Register of Marine Species:  www.marinespecies.org,Plantae,(Division) Rhodophyta,Florideophyceae,Rhodymeniales,Lomentariaceae,Lomentaria,NULL,5,Lomentaria spp,144245
lophopanopeus bellus,lophopanopeus bellus,quadrat,443976,World Register of Marine Species:  www.marinespecies.org,Animalia,Arthropoda,Malacostraca,Decapoda,Panopeidae,Lophopanopeus,Lophopanopeus bellus,4,Lophopanopeus bellus,443976
lottia asmi,lottia asmi,quadrat,510016,World Register of Marine Species:  www.marinespecies.org,Animalia,Mollusca,Gastropoda,NULL,Lottiidae,Lottia,Lottia asmi,2,Lottia asmi,510016
lottia austrodigitalis; lottia digitalis,lottia austrodigitalis; lottia digitalis,quadrat,160336,World Register of Marine Species:  www.marinespecies.org,Animalia,Mollusca,Gastropoda,NULL,Lottiidae,Lottia,NULL,1,Lottia austrodigitalis/digitalis,160336
lottia fenestrata,lottia fenestrata,quadrat,456591,World Register of Marine Species:  www.marinespecies.org,Animalia,Mollusca,Gastropoda,NULL,Lottiidae,Lottia,Lottia fenestrata,5,Lottia fenestrata/paradigitalis/strigatella,160336
lottia fenestrata; lottia paradigitalis; lottia strigatella,lottia fenestrata; lottia paradigitalis; lottia strigatella,quadrat,160336,World Register of Marine Species:  www.marinespecies.org,Animalia,Mollusca,Gastropoda,NULL,Lottiidae,Lottia,NULL,1,Lottia fenestrata/paradigitalis/strigatella,160336
lottia fenestrata; lottia scutum,lottia fenestrata; lottia scutum,quadrat,160336,World Register of Marine Species:  www.marinespecies.org,Animalia,Mollusca,Gastropoda,NULL,Lottiidae,Lottia,NULL,5,DROP,NA
lottia gigantea,lottia gigantea,quadrat,456593,World Register of Marine Species:  www.marinespecies.org,Animalia,Mollusca,Gastropoda,NULL,Lottiidae,Lottia,Lottia gigantea,1,Lottia gigantea,456593
lottia instabilis,lottia ochracea,quadrat,510025,World Register of Marine Species:  www.marinespecies.org,Animalia,Mollusca,Gastropoda,NULL,Lottiidae,Lottia,Lottia instabilis,1,Lottia instabilis,510025
lottia instabilis; lottia pelta,lottia ochracea; lottia pelta,quadrat,160336,World Register of Marine Species:  www.marinespecies.org,Animalia,Mollusca,Gastropoda,NULL,Lottiidae,Lottia,NULL,5,DROP,NA
lottia limatula,lottia limatula,quadrat,456596,World Register of Marine Species:  www.marinespecies.org,Animalia,Mollusca,Gastropoda,NULL,Lottiidae,Lottia,Lottia limatula,1,Lottia limatula,456596
lottia maccleani,lottia maccleani,quadrat,160336,World Register of Marine Species:  www.marinespecies.org,Animalia,Mollusca,Gastropoda,NULL,Lottiidae,Lottia,NULL,4,DROP,NA
lottia paradigitalis; lottia strigatella,lottia paradigitalis; lottia strigatella,quadrat,160336,World Register of Marine Species:  www.marinespecies.org,Animalia,Mollusca,Gastropoda,NULL,Lottiidae,Lottia,NULL,5,Lottia fenestrata/paradigitalis/strigatella,160336
lottia pelta,lottia pelta,quadrat,456602,World Register of Marine Species:  www.marinespecies.org,Animalia,Mollusca,Gastropoda,NULL,Lottiidae,Lottia,Lottia pelta,1,Lottia pelta,456602
lottia persona,lottia persona,quadrat,456603,World Register of Marine Species:  www.marinespecies.org,Animalia,Mollusca,Gastropoda,NULL,Lottiidae,Lottia,Lottia persona,1,Lottia persona,456603
lottia polyfacies,lottia polyfacies,quadrat,160336,World Register of Marine Species:  www.marinespecies.org,Animalia,Mollusca,Gastropoda,NULL,Lottiidae,Lottia,NULL,4,Lottia fenestrata/paradigitalis/strigatella,160336
lottia scabra; lottia conus,lottia scabra; lottia conus,quadrat,160336,World Register of Marine Species:  www.marinespecies.org,Animalia,Mollusca,Gastropoda,NULL,Lottiidae,Lottia,NULL,1,Lottia scabra/conus,160336
lottia scutum,lottia scutum,quadrat,456605,World Register of Marine Species:  www.marinespecies.org,Animalia,Mollusca,Gastropoda,NULL,Lottiidae,Lottia,Lottia scutum,1,Lottia scutum,456605
lottia spp,lottia spp,quadrat,160336,World Register of Marine Species:  www.marinespecies.org,Animalia,Mollusca,Gastropoda,NULL,Lottiidae,Lottia,NULL,5,DROP,NA
loxorhynchus crispatus,loxorhynchus crispatus,quadrat,441601,World Register of Marine Species:  www.marinespecies.org,Animalia,Arthropoda,Malacostraca,Decapoda,Epialtidae,Loxorhynchus,Loxorhynchus crispatus,4,Loxorhynchus crispatus,441601
lucapinella callomarginata,lucapinella callomarginata,quadrat,527883,World Register of Marine Species:  www.marinespecies.org,Animalia,Mollusca,Gastropoda,Lepetellida,Fissurellidae,Lucapinella,Lucapinella callomarginata,4,Lucapinella callomarginata,527883
lythrypnus dalli,lythrypnus dalli,NA,281457,World Register of Marine Species:  www.marinespecies.org,Animalia,Chordata,Teleostei,Gobiiformes,Gobiidae,Lythrypnus,Lythrypnus dalli,5,DROP,NA
macrocystis pyrifera,macrocystis pyrifera,point contact,232231,World Register of Marine Species:  www.marinespecies.org,Chromista,Ochrophyta,Phaeophyceae,Laminariales,Laminariaceae,Macrocystis,Macrocystis pyrifera,2,Macrocystis pyrifera,232231
macron aethiops,macron aethiops,quadrat,489189,World Register of Marine Species:  www.marinespecies.org,Animalia,Mollusca,Gastropoda,Neogastropoda,Buccinoidea incertae,Macron,Macron aethiops,4,Macron aethiops,489189
macron lividus,macron lividus,quadrat,489193,World Register of Marine Species:  www.marinespecies.org,Animalia,Mollusca,Gastropoda,Neogastropoda,Buccinoidea incertae,Macron,Macron lividus,2,Macron lividus,489193
madracis spp,madracis spp,point contact,135125,World Register of Marine Species:  www.marinespecies.org,Animalia,Cnidaria,Hexacorallia,Scleractinia,Pocilloporidae,Madracis,NULL,4,Madracis spp,135125
magallana gigas,magallana gigas; prev. crassostrea gigas,point contact,836033,World Register of Marine Species:  www.marinespecies.org,Animalia,Mollusca,Bivalvia,Ostreida,Ostreidae,Magallana,Magallana gigas,3,Magallana gigas,836033
margarites helicinus,margarites helicinus,quadrat,141821,World Register of Marine Species:  www.marinespecies.org,Animalia,Mollusca,Gastropoda,Trochida,Margaritidae,Margarites,Margarites pupillus,4,Lirularia/Margarites spp,443
margarites pupillus,margarites pupillus,quadrat,528731,World Register of Marine Species:  www.marinespecies.org,Animalia,Mollusca,Gastropoda,Trochida,Margaritidae,Margarites,Margarites pupillus,4,Lirularia/Margarites spp,443
mastocarpus spp,mastocarpus spp,point contact,144163,World Register of Marine Species:  www.marinespecies.org,Plantae,(Division) Rhodophyta,Florideophyceae,Gigartinales,Phyllophoraceae,Mastocarpus,NULL,1,Mastocarpus spp,144163
maxwellia gemma,maxwellia gemma,quadrat,408591,World Register of Marine Species:  www.marinespecies.org,Animalia,Mollusca,Gastropoda,Neogastropoda,Muricidae,Maxwellia,Maxwellia gemma,3,Maxwellia gemma,408591
mazzaella affinis,mazzaella affinis,point contact,371703,World Register of Marine Species:  www.marinespecies.org,Plantae,(Division) Rhodophyta,Florideophyceae,Gigartinales,Gigartinaceae,Mazzaella,Mazzaella affinis,1,Mazzaella affinis,371703
mazzaella californica,mazzaella californica,point contact,371699,World Register of Marine Species:  www.marinespecies.org,Plantae,(Division) Rhodophyta,Florideophyceae,Gigartinales,Gigartinaceae,Mazzaella,Mazzaella californica,4,Mazzaella spp.,369878
mazzaella flaccida; mazzaella splendens,mazzaella cordata; mazzaella splendens,point contact,369878,World Register of Marine Species:  www.marinespecies.org,Plantae,(Division) Rhodophyta,Florideophyceae,Gigartinales,Gigartinaceae,Mazzaella,NULL,1,Mazzaella flaccida/oregona/splendens,369878
mazzaella japonica,mazzaella japonica,point contact,371700,World Register of Marine Species:  www.marinespecies.org,Plantae,(Division) Rhodophyta,Florideophyceae,Gigartinales,Gigartinaceae,Mazzaella,Mazzaella japonica,3,Mazzaella japonica,371700
mazzaella leptorhynchos,mazzaella leptorhynchos,point contact,371705,World Register of Marine Species:  www.marinespecies.org,Plantae,(Division) Rhodophyta,Florideophyceae,Gigartinales,Gigartinaceae,Mazzaella,Mazzaella leptorhynchos,1,Mazzaella leptorhynchos,371705
mazzaella linearis,mazzaella linearis,point contact,371704,World Register of Marine Species:  www.marinespecies.org,Plantae,(Division) Rhodophyta,Florideophyceae,Gigartinales,Gigartinaceae,Mazzaella,Mazzaella linearis,3,Mazzaella linearis,371704
mazzaella oregona,mazzaella oregona,point contact,376274,World Register of Marine Species:  www.marinespecies.org,Plantae,(Division) Rhodophyta,Florideophyceae,Gigartinales,Gigartinaceae,Mazzaella,Mazzaella oregona,1,Mazzaella flaccida/oregona/splendens,369878
mazzaella parksii,mazzaella parksii,point contact,376220,World Register of Marine Species:  www.marinespecies.org,Plantae,(Division) Rhodophyta,Florideophyceae,Gigartinales,Gigartinaceae,Mazzaella,Mazzaella parksii,1,Mazzaella parksii,376220
mazzaella parva,mazzaella parva,point contact,376275,World Register of Marine Species:  www.marinespecies.org,Plantae,(Division) Rhodophyta,Florideophyceae,Gigartinales,Gigartinaceae,Mazzaella,Mazzaella parva,4,Mazzaella spp.,369878
mazzaella phyllocarpa,mazzaella phyllocarpa,point contact,373788,World Register of Marine Species:  www.marinespecies.org,Plantae,(Division) Rhodophyta,Florideophyceae,Gigartinales,Gigartinaceae,Mazzaella,Mazzaella phyllocarpa,3,Mazzaella phyllocarpa,373788
mazzaella spp,mazzaella spp,point contact,369878,World Register of Marine Species:  www.marinespecies.org,Plantae,(Division) Rhodophyta,Florideophyceae,Gigartinales,Gigartinaceae,Mazzaella,NULL,5,Mazzaella flaccida/oregona/splendens,369878
mazzaella volans,mazzaella volans,point contact,371706,World Register of Marine Species:  www.marinespecies.org,Plantae,(Division) Rhodophyta,Florideophyceae,Gigartinales,Gigartinaceae,Mazzaella,Mazzaella volans,3,Mazzaella volans,371706
mediaster aequalis,mediaster aequalis,swath,242160,World Register of Marine Species:  www.marinespecies.org,Animalia,Echinodermata,Asteroidea,Valvatida,Goniasteridae,Mediaster,Mediaster aequalis,4,Mediaster aequalis,242160
megabalanus californicus,megabalanus californicus,point contact,394981,World Register of Marine Species:  www.marinespecies.org,Animalia,Arthropoda,Thecostraca,Balanomorpha,Balanidae,Megabalanus,Megabalanus californicus,3,Megabalanus californicus,394981
megastraea undosa,megastraea undosa,quadrat,528084,World Register of Marine Species:  www.marinespecies.org,Animalia,Mollusca,Gastropoda,Trochida,Turbinidae,Megastraea,Megastraea undosa,3,Megastraea undosa,528084
megathura crenulata,megathura crenulata,quadrat,527885,World Register of Marine Species:  www.marinespecies.org,Animalia,Mollusca,Gastropoda,Lepetellida,Fissurellidae,Megathura,Megathura crenulata,3,Megathura crenulata,527885
membranipora membranacea,membranipora membranacea,point contact,111411,World Register of Marine Species:  www.marinespecies.org,Animalia,Bryozoa,Gymnolaemata,Cheilostomatida,Membraniporidae,Membranipora,Membranipora membranacea,4,Membranipora spp,110938
membranipora spp,membranipora spp,point contact,110938,World Register of Marine Species:  www.marinespecies.org,Animalia,Bryozoa,Gymnolaemata,Cheilostomatida,Membraniporidae,Membranipora,NULL,3,Membranipora spp,110938
mesocentrotus franciscanus,strongylocentrotus franciscanus,quadrat,591102,World Register of Marine Species:  www.marinespecies.org,Animalia,Echinodermata,Echinoidea,Camarodonta,Strongylocentrotidae,Mesocentrotus,Mesocentrotus franciscanus,3,Mesocentrotus franciscanus,591102
mesophyllum spp; clathromorphum spp,mesophyllum spp; clathromorphum spp,point contact,368755,World Register of Marine Species:  www.marinespecies.org,Plantae,(Division) Rhodophyta,Florideophyceae,Hapalidiales,Hapalidiaceae,NULL,NULL,3,Mesophyllum/Clathromorphum/Neopolyporolithon spp,368755
metacarcinus magister,cancer magister,quadrat,440388,World Register of Marine Species:  www.marinespecies.org,Animalia,Arthropoda,Malacostraca,Decapoda,Cancridae,Metacarcinus,Metacarcinus magister,4,Metacarcinus magister,440388
metandrocarpa taylori,metandrocarpa taylori,point contact,250836,World Register of Marine Species:  www.marinespecies.org,Animalia,Chordata,Ascidiacea,Stolidobranchia,Styelidae,Metandrocarpa,Metandrocarpa taylori,4,Metandrocarpa taylori,250836
metridium senile,metridium senile,point contact,100982,World Register of Marine Species:  www.marinespecies.org,Animalia,Cnidaria,Hexacorallia,Actiniaria,Metridiidae,Metridium,Metridium senile,3,Metridium senile,100982
mexacanthina lugubris,mexacanthina lugubris,quadrat,404505,World Register of Marine Species:  www.marinespecies.org,Animalia,Mollusca,Gastropoda,Neogastropoda,Muricidae,Mexacanthina,Mexacanthina lugubris,2,Mexacanthina lugubris,404505
mitromorpha gracilior,cymakra gracilior,quadrat,435259,World Register of Marine Species:  www.marinespecies.org,Animalia,Mollusca,Gastropoda,Neogastropoda,Mitromorphidae,Mitromorpha,Mitromorpha gracilior,4,Mitromorpha gracilior,435259
modiolus spp,modiolus spp,point contact,138223,World Register of Marine Species:  www.marinespecies.org,Animalia,Mollusca,Bivalvia,Mytilida,Modiolidae,Modiolus,NULL,4,Modiolus spp,138223
mopalia ciliata,mopalia ciliata,quadrat,386342,World Register of Marine Species:  www.marinespecies.org,Animalia,Mollusca,Polyplacophora,Chitonida,Mopaliidae,Mopalia,Mopalia ciliata,4,Mopalia spp,385567
mopalia muscosa,mopalia muscosa,quadrat,386353,World Register of Marine Species:  www.marinespecies.org,Animalia,Mollusca,Polyplacophora,Chitonida,Mopaliidae,Mopalia,Mopalia muscosa,4,Mopalia spp,385567
mopalia spectabilis,mopalia spectabilis,quadrat,386360,World Register of Marine Species:  www.marinespecies.org,Animalia,Mollusca,Polyplacophora,Chitonida,Mopaliidae,Mopalia,Mopalia spectabilis,4,Mopalia spp,385567
mopalia spp,mopalia spp,quadrat,385567,World Register of Marine Species:  www.marinespecies.org,Animalia,Mollusca,Polyplacophora,Chitonida,Mopaliidae,Mopalia,NULL,1,Mopalia spp,385567
mopalia vespertina,mopalia vespertina,quadrat,386362,World Register of Marine Species:  www.marinespecies.org,Animalia,Mollusca,Polyplacophora,Chitonida,Mopaliidae,Mopalia,Mopalia vespertina,4,Mopalia spp,385567
muricea californica,muricea californica,point contact,287556,World Register of Marine Species:  www.marinespecies.org,Animalia,Cnidaria,Octocorallia,Malacalcyonacea,Plexauridae,Muricea,Muricea californica,4,Muricea californica,287556
muricidae,muricidae,NA,148,World Register of Marine Species:  www.marinespecies.org,Animalia,Mollusca,Gastropoda,Neogastropoda,Muricidae,NULL,NULL,5,Muricidae,148
musculus spp,musculus spp,point contact,138225,World Register of Marine Species:  www.marinespecies.org,Animalia,Mollusca,Bivalvia,Mytilida,Mytilidae,Musculus,NULL,4,Musculus spp,138225
mycale macginitiei,mycale macginitiei,point contact,168643,World Register of Marine Species:  www.marinespecies.org,Animalia,Porifera,Demospongiae,Poecilosclerida,Mycalidae,Mycale,Mycale (Mycale),4,Mycale macginitiei,168643
mytilisepta bifurcata; brachidontes adamsianus,mytilisepta bifurcata; brachidontes adamsianus,point contact,211,World Register of Marine Species:  www.marinespecies.org,Animalia,Mollusca,Bivalvia,Mytilida,Mytilidae,NULL,NULL,1,Mytilisepta/Brachidontes spp,211
mytilus californianus,mytilus californianus,point contact,367837,World Register of Marine Species:  www.marinespecies.org,Animalia,Mollusca,Bivalvia,Mytilida,Mytilidae,Mytilus,Mytilus californianus,1,Mytilus californianus,367837
mytilus spp,mytilus spp,point contact,138228,World Register of Marine Species:  www.marinespecies.org,Animalia,Mollusca,Bivalvia,Mytilida,Mytilidae,Mytilus,NULL,5,DROP,NA
mytilus trossulus; galloprovincialis; edulis,mytilus trossulus; galloprovincialis; edulis,point contact,138228,World Register of Marine Species:  www.marinespecies.org,Animalia,Mollusca,Bivalvia,Mytilida,Mytilidae,Mytilus,NULL,1,Mytilus trossulus/galloprovincialis/edulis,138228
myxilla incrustans,myxilla incrustans,point contact,133882,World Register of Marine Species:  www.marinespecies.org,Animalia,Porifera,Demospongiae,Poecilosclerida,Myxillidae,Myxilla,Myxilla incrustans,4,Myxilla incrustans,133882
nassarius mendicus,nassarius mendicus,quadrat,560256,World Register of Marine Species:  www.marinespecies.org,Animalia,Mollusca,Gastropoda,Neogastropoda,Nassariidae,Nassarius,Nassarius mendicus,3,Nassarius mendicus,560256
navanax inermis,navanax inermis,quadrat,367836,World Register of Marine Species:  www.marinespecies.org,Animalia,Mollusca,Gastropoda,Cephalaspidea,Aglajidae,Navanax,Navanax inermis,3,Navanax inermis,367836
neesia buergeri,neesia buergeri,point contact,176760,World Register of Marine Species:  www.marinespecies.org,Animalia,Nemertea,Hoplonemertea,Monostilifera,Neesiidae,Neesia,Neesia buergeri,4,DROP,NA
nemalion elminthoides,nemalion elminthoides,point contact,145765,World Register of Marine Species:  www.marinespecies.org,Plantae,(Division) Rhodophyta,Florideophyceae,Nemaliales,Nemaliaceae,Nemalion,Nemalion elminthoides,2,Nemalion elminthoides,145765
neoamphitrite robusta,neoamphitrite robusta,point contact,334122,World Register of Marine Species:  www.marinespecies.org,Animalia,Annelida,Polychaeta,Terebellida,Terebellidae,Neoamphitrite,Neoamphitrite robusta,3,Neoamphitrite robusta,334122
neobernaya spadicea,neobernaya spadicea,quadrat,580674,World Register of Marine Species:  www.marinespecies.org,Animalia,Mollusca,Gastropoda,Littorinimorpha,Cypraeidae,Neobernaya,Neobernaya spadicea,4,Neobernaya spadicea,580674
neogastroclonium subarticulatum,neogastroclonium subarticulatum,point contact,503971,World Register of Marine Species:  www.marinespecies.org,Plantae,(Division) Rhodophyta,Florideophyceae,Rhodymeniales,Champiaceae,Neogastroclonium,Neogastroclonium subarticulatum,1,Neogastroclonium subarticulatum,503971
neopolyporolithon reclinatum,neopolyporolithon reclinatum,point contact,496164,World Register of Marine Species:  www.marinespecies.org,Plantae,(Division) Rhodophyta,Florideophyceae,Hapalidiales,Hapalidiaceae,Neopolyporolithon,Neopolyporolithon reclinatum,4,Mesophyllum/Clathromorphum/Neopolyporolithon spp,368755
neoptilota spp; ptilota spp,neoptilota spp; ptilota spp,point contact,172527,World Register of Marine Species:  www.marinespecies.org,Plantae,(Division) Rhodophyta,Florideophyceae,Ceramiales,Wrangeliaceae,NULL,NULL,2,Neoptilota/Ptilota spp,172527
neorhodomela larix,neorhodomela larix,point contact,372616,World Register of Marine Species:  www.marinespecies.org,Plantae,(Division) Rhodophyta,Florideophyceae,Ceramiales,Rhodomelaceae,Neorhodomela,Neorhodomela larix,1,Neorhodomela larix,372616
neorhodomela oregona,neorhodomela oregona,point contact,372473,World Register of Marine Species:  www.marinespecies.org,Plantae,(Division) Rhodophyta,Florideophyceae,Ceramiales,Rhodomelaceae,Neorhodomela,Neorhodomela oregona,1,Neorhodomela oregona,372473
neorhodomela oregona; odonthalia floccosa,neorhodomela oregona; odonthalia floccosa,NA,1646407,World Register of Marine Species:  www.marinespecies.org,Plantae,(Division) Rhodophyta,Florideophyceae,Ceramiales,Rhodomelaceae,NULL,NULL,5,Neorhodomela oregona/Odonthalia floccosa,369944
neorhodomela spp,neorhodomela spp,NA,369944,World Register of Marine Species:  www.marinespecies.org,Plantae,(Division) Rhodophyta,Florideophyceae,Ceramiales,Rhodomelaceae,Neorhodomela,NULL,5,Neorhodomela spp,369944
neostylidium eschrichtii,bittium eschrichtii,quadrat,744620,World Register of Marine Species:  www.marinespecies.org,Animalia,Mollusca,Gastropoda,Caenogastropoda incertae,Cerithiidae,Neostylidium,Neostylidium eschrichtii,1,Neostylidium eschrichtii,744620
nereocystis luetkeana,nereocystis luetkeana,point contact,240752,World Register of Marine Species:  www.marinespecies.org,Chromista,Ochrophyta,Phaeophyceae,Laminariales,Laminariaceae,Nereocystis,Nereocystis luetkeana,3,Nereocystis luetkeana,240752
neverita lewisii,neverita lewisii,quadrat,718659,World Register of Marine Species:  www.marinespecies.org,Animalia,Mollusca,Gastropoda,Littorinimorpha,Naticidae,Neverita,Neverita lewisii,4,Neverita lewisii,718659
nienburgia andersoniana,nienburgia andersoniana,point contact,372617,World Register of Marine Species:  www.marinespecies.org,Plantae,(Division) Rhodophyta,Florideophyceae,Ceramiales,Delesseriaceae,Nienburgia,Nienburgia andersoniana,3,Nienburgia andersoniana,372617
no data,the voucher or the data has been lost for this organism,NA,NULL,MARINe researchers: pacificrockyintertidal.org,NULL,NULL,NULL,NULL,NULL,NULL,NULL,5,DROP,NA
no mobiles found,no mobile invertebrates were found in the sampled quadrat (this classification is used for the quadrat surveys only),NA,NULL,MARINe researchers: pacificrockyintertidal.org,NULL,NULL,NULL,NULL,NULL,NULL,NULL,5,DROP,NA
none,no species was the final classification,NA,NULL,MARINe researchers: pacificrockyintertidal.org,NULL,NULL,NULL,NULL,NULL,NULL,NULL,5,DROP,NA
norrisia norrisi,norrisia norrisi,quadrat,534181,World Register of Marine Species:  www.marinespecies.org,Animalia,Mollusca,Gastropoda,Trochida,Tegulidae,Norrisia,Norrisia norrisii,2,Norrisia norrisii,534181
norrissia setchellii,norrissia setchellii,point contact,372620,World Register of Marine Species:  www.marinespecies.org,Plantae,(Division) Rhodophyta,Florideophyceae,Halymeniales,Halymeniaceae,Norrissia,Norrissia setchellii,3,Norrissia setchellii,372620
no swath species found,no swath species found,NA,NULL,MARINe researchers: pacificrockyintertidal.org,NULL,NULL,NULL,NULL,NULL,NULL,NULL,5,DROP,NA
nucella canaliculata,nucella canaliculata,quadrat,404205,World Register of Marine Species:  www.marinespecies.org,Animalia,Mollusca,Gastropoda,Neogastropoda,Muricidae,Nucella,Nucella canaliculata,1,Nucella canaliculata,404205
nucella emarginata; nucella ostrina,nucella emarginata; nucella ostrina,quadrat,138199,World Register of Marine Species:  www.marinespecies.org,Animalia,Mollusca,Gastropoda,Neogastropoda,Muricidae,Nucella,NULL,1,Nucella emarginata/ostrina,138199
nucella lamellosa,nucella lamellosa,quadrat,404218,World Register of Marine Species:  www.marinespecies.org,Animalia,Mollusca,Gastropoda,Neogastropoda,Muricidae,Nucella,Nucella lamellosa,2,Nucella lamellosa,404218
nuttallina spp,nuttallina spp,quadrat,385576,World Register of Marine Species:  www.marinespecies.org,Animalia,Mollusca,Polyplacophora,Chitonida,Tonicellidae,Nuttallina,NULL,1,Nuttallina spp,385576
nymphopsis spinosissima,nymphopsis spinosissima,quadrat,240129,World Register of Marine Species:  www.marinespecies.org,Animalia,Arthropoda,Pycnogonida,Pantopoda,Ammotheidae,Nymphopsis,Nymphopsis spinosissimum,4,Pycnogonida,1302
obelia spp,obelia spp,point contact,117034,World Register of Marine Species:  www.marinespecies.org,Animalia,Cnidaria,Hydrozoa,Leptothecata,Campanulariidae,Obelia,NULL,3,Obelia spp,117034
ocenebra spp,ocenebra spp,quadrat,138200,World Register of Marine Species:  www.marinespecies.org,Animalia,Mollusca,Gastropoda,Neogastropoda,Muricidae,Ocenebra,NULL,5,DROP,NA
ocinebrellus inornatus,ocinebrellus inornatus,quadrat,578702,World Register of Marine Species:  www.marinespecies.org,Animalia,Mollusca,Gastropoda,Neogastropoda,Muricidae,Ocinebrellus,Ocinebrellus inornatus,4,Ocinebrellus inornatus,578702
octopus spp,octopus spp,quadrat,138268,World Register of Marine Species:  www.marinespecies.org,Animalia,Mollusca,Cephalopoda,Octopoda,Octopodidae,Octopus,NULL,4,Octopus spp,138268
odonthalia floccosa f. comosa,odonthalia floccosa f. comosa,point contact,688854,World Register of Marine Species:  www.marinespecies.org,Plantae,(Division) Rhodophyta,Florideophyceae,Ceramiales,Rhodomelaceae,Odonthalia,Odonthalia floccosa,4,Odonthalia floccosa,372621
odonthalia floccosa,odonthalia floccosa,point contact,372621,World Register of Marine Species:  www.marinespecies.org,Plantae,(Division) Rhodophyta,Florideophyceae,Ceramiales,Rhodomelaceae,Odonthalia,Odonthalia floccosa,1,Odonthalia floccosa,372621
odonthalia spp,odonthalia spp,NA,143918,World Register of Marine Species:  www.marinespecies.org,Plantae,(Division) Rhodophyta,Florideophyceae,Ceramiales,Rhodomelaceae,Odonthalia,NULL,5,Odonthalia spp,143918
odonthalia washingtoniensis,odonthalia washingtoniensis,point contact,372622,World Register of Marine Species:  www.marinespecies.org,Plantae,(Division) Rhodophyta,Florideophyceae,Ceramiales,Rhodomelaceae,Odonthalia,Odonthalia washingtoniensis,3,Odonthalia washingtoniensis,372622
oedignathus inermis,oedignathus inermis,quadrat,590112,World Register of Marine Species:  www.marinespecies.org,Animalia,Arthropoda,Malacostraca,Decapoda,Lithodidae,Oedignathus,Oedignathus inermis,1,Oedignathus inermis,590112
onchidella carpenteri,onchidella borealis,quadrat,509922,World Register of Marine Species:  www.marinespecies.org,Animalia,Mollusca,Gastropoda,Systellommatophora,Onchidiidae,Onchidella,Onchidella carpenteri,1,Onchidella carpenteri,509922
onchidoris bilamellata,onchidoris bilamellata,quadrat,150457,World Register of Marine Species:  www.marinespecies.org,Animalia,Mollusca,Gastropoda,Nudibranchia,Onchidorididae,Onchidoris,Onchidoris bilamellata,3,Onchidoris bilamellata,150457
opalia funiculata,opalia funiculata,quadrat,524065,World Register of Marine Species:  www.marinespecies.org,Animalia,Mollusca,Gastropoda,Caenogastropoda incertae,Epitoniidae,Opalia,Opalia funiculata,2,Opalia funiculata,524065
opalia montereyensis,opalia montereyensis,quadrat,524080,World Register of Marine Species:  www.marinespecies.org,Animalia,Mollusca,Gastropoda,Caenogastropoda incertae,Epitoniidae,Opalia,Opalia montereyensis,4,Opalia montereyensis,524080
opalia spp,opalia spp,NA,137948,World Register of Marine Species:  www.marinespecies.org,Animalia,Mollusca,Gastropoda,Caenogastropoda incertae,Epitoniidae,Opalia,NULL,5,Opalia spp,137948
opalia wroblewskyi,opalia borealis,quadrat,524789,World Register of Marine Species:  www.marinespecies.org,Animalia,Mollusca,Gastropoda,Caenogastropoda incertae,Epitoniidae,Opalia,Opalia wroblewskyi,3,Opalia wroblewskyi,524789
ophionereis annulata,ophionereis annulata,quadrat,243877,World Register of Marine Species:  www.marinespecies.org,Animalia,Echinodermata,Ophiuroidea,Amphilepidida,Ophionereididae,Ophionereis,Ophionereis annulata,4,Ophiuroidea,123084
ophiopholis aculeata,ophiopholis aculeata,quadrat,125125,World Register of Marine Species:  www.marinespecies.org,Animalia,Echinodermata,Ophiuroidea,Amphilepidida,Ophiopholidae,Ophiopholis,Ophiopholis aculeata,4,Ophiuroidea,123084
ophiothrix spiculata,ophiothrix spiculata,quadrat,244192,World Register of Marine Species:  www.marinespecies.org,Animalia,Echinodermata,Ophiuroidea,Amphilepidida,Ophiotrichidae,Ophiothrix,Ophiothrix (Ophiothrix),4,Ophiuroidea,123084
ophiuroid,ophiuroid,quadrat,123084,World Register of Marine Species:  www.marinespecies.org,Animalia,Echinodermata,Ophiuroidea,NULL,NULL,NULL,NULL,3,Ophiuroidea,123084
opuntiella californica,opuntiella californica,point contact,372623,World Register of Marine Species:  www.marinespecies.org,Plantae,(Division) Rhodophyta,Florideophyceae,Gigartinales,Furcellariaceae,Opuntiella,Opuntiella californica,3,Opuntiella californica,372623
oregonia gracilis,oregonia gracilis,quadrat,442171,World Register of Marine Species:  www.marinespecies.org,Animalia,Arthropoda,Malacostraca,Decapoda,Oregoniidae,Oregonia,Oregonia gracilis,3,Oregonia gracilis,442171
orienthella trilineata,orienthella trilineata,quadrat,1049566,World Register of Marine Species:  www.marinespecies.org,Animalia,Mollusca,Gastropoda,Nudibranchia,Coryphellidae,Orienthella,Orienthella trilineata,3,Orienthella trilineata,1049566
orthasterias koehleri,orthasterias koehleri,swath,255048,World Register of Marine Species:  www.marinespecies.org,Animalia,Echinodermata,Asteroidea,Forcipulatida,Asteriidae,Orthasterias,Orthasterias koehleri,3,Orthasterias koehleri,255048
osmundea sinicola,osmundea sinicola,point contact,374754,World Register of Marine Species:  www.marinespecies.org,Plantae,(Division) Rhodophyta,Florideophyceae,Ceramiales,Rhodomelaceae,Osmundea,Osmundea sinicola,1,Osmundea sinicola,374754
osmundea spectabilis,osmundea spectabilis,point contact,372624,World Register of Marine Species:  www.marinespecies.org,Plantae,(Division) Rhodophyta,Florideophyceae,Ceramiales,Rhodomelaceae,Osmundea,Osmundea spectabilis,1,Osmundea spectabilis,372624
osmundea splendens,osmundea splendens,point contact,374755,World Register of Marine Species:  www.marinespecies.org,Plantae,(Division) Rhodophyta,Florideophyceae,Ceramiales,Rhodomelaceae,Osmundea,Osmundea splendens,3,Osmundea splendens,374755
osmundea spp,osmundea spp,point contact,143921,World Register of Marine Species:  www.marinespecies.org,Plantae,(Division) Rhodophyta,Florideophyceae,Ceramiales,Rhodomelaceae,Osmundea,NULL,5,DROP,NA
ostrea lurida,ostrea lurida,point contact,542155,World Register of Marine Species:  www.marinespecies.org,Animalia,Mollusca,Bivalvia,Ostreida,Ostreidae,Ostrea,Ostrea lurida,4,Ostrea lurida,542155
other brown crust,other brown crust,point contact,830,World Register of Marine Species:  www.marinespecies.org,Chromista,Ochrophyta,Phaeophyceae,NULL,NULL,NULL,NULL,4,Non Coralline crust,NA
other crust,other crust,point contact,NULL,MARINe researchers: pacificrockyintertidal.org,NULL,NULL,NULL,NULL,NULL,NULL,NULL,5,DROP,NA
other green crust,other green crust,point contact,801,World Register of Marine Species:  www.marinespecies.org,Plantae,(Division) Chlorophyta,NULL,NULL,NULL,NULL,NULL,4,Non Coralline crust,NA
other red crust,other red crust,point contact,852,World Register of Marine Species:  www.marinespecies.org,Plantae,(Division) Rhodophyta,NULL,NULL,NULL,NULL,NULL,1,Non Coralline crust,NA
other substrate,other substrate,point contact,NULL,MARINe researchers: pacificrockyintertidal.org,NULL,NULL,NULL,NULL,NULL,NULL,NULL,5,Rock,NA
oyster,oyster,point contact,215,World Register of Marine Species:  www.marinespecies.org,Animalia,Mollusca,Bivalvia,Ostreida,Ostreidae,NULL,NULL,4,DROP,NA
pachycheles spp,pachycheles spp,quadrat,205958,World Register of Marine Species:  www.marinespecies.org,Animalia,Arthropoda,Malacostraca,Decapoda,Porcellanidae,Pachycheles,NULL,2,Pachycheles spp,205958
pachygrapsus crassipes,pachygrapsus crassipes,quadrat,395016,World Register of Marine Species:  www.marinespecies.org,Animalia,Arthropoda,Malacostraca,Decapoda,Grapsidae,Pachygrapsus,Pachygrapsus crassipes,1,Pachygrapsus crassipes,395016
pachythyone rubra,pachythyone rubra,quadrat,529582,World Register of Marine Species:  www.marinespecies.org,Animalia,Echinodermata,Holothuroidea,Dendrochirotida,Sclerodactylidae,Pachythyone,Pachythyone rubra,4,Pachythyone rubra,529582
paciocinebrina circumtexta,ocenebra circumtexta,quadrat,1329755,World Register of Marine Species:  www.marinespecies.org,Animalia,Mollusca,Gastropoda,Neogastropoda,Muricidae,Paciocinebrina,Paciocinebrina circumtexta,1,Paciocinebrina circumtexta,1329755
paciocinebrina gracillima,ocenebra gracillima,quadrat,1329770,World Register of Marine Species:  www.marinespecies.org,Animalia,Mollusca,Gastropoda,Neogastropoda,Muricidae,Paciocinebrina,Paciocinebrina gracillima,4,Paciocinebrina gracillima,1329770
paciocinebrina interfossa,ocenebra interfossa,quadrat,1329778,World Register of Marine Species:  www.marinespecies.org,Animalia,Mollusca,Gastropoda,Neogastropoda,Muricidae,Paciocinebrina,Paciocinebrina interfossa,2,Paciocinebrina interfossa,1329778
paciocinebrina lurida,ocinebrina lurida,quadrat,1329756,World Register of Marine Species:  www.marinespecies.org,Animalia,Mollusca,Gastropoda,Neogastropoda,Muricidae,Paciocinebrina,Paciocinebrina lurida,3,Paciocinebrina lurida,1329756
paciocinebrina sclera,ocenebra sclera,quadrat,1329782,World Register of Marine Species:  www.marinespecies.org,Animalia,Mollusca,Gastropoda,Neogastropoda,Muricidae,Paciocinebrina,Paciocinebrina sclera,4,Paciocinebrina sclera,1329782
padina spp,padina spp,point contact,144088,World Register of Marine Species:  www.marinespecies.org,Chromista,Ochrophyta,Phaeophyceae,Dictyotales,Dictyotaceae,Padina,NULL,3,Padina spp,144088
pagurus beringanus,pagurus beringanus,quadrat,366657,World Register of Marine Species:  www.marinespecies.org,Animalia,Arthropoda,Malacostraca,Decapoda,Paguridae,Pagurus,Pagurus beringanus,3,Pagurus beringanus,366657
pagurus caurinus,pagurus caurinus,quadrat,366667,World Register of Marine Species:  www.marinespecies.org,Animalia,Arthropoda,Malacostraca,Decapoda,Paguridae,Pagurus,Pagurus caurinus,3,Pagurus caurinus,366667
pagurus granosimanus,pagurus granosimanus,quadrat,366694,World Register of Marine Species:  www.marinespecies.org,Animalia,Arthropoda,Malacostraca,Decapoda,Paguridae,Pagurus,Pagurus granosimanus,2,Pagurus granosimanus,366694
pagurus hemphilli,pagurus hemphilli,quadrat,366698,World Register of Marine Species:  www.marinespecies.org,Animalia,Arthropoda,Malacostraca,Decapoda,Paguridae,Pagurus,Pagurus hemphilli,3,Pagurus hemphilli,366698
pagurus hirsutiusculus,pagurus hirsutiusculus,quadrat,366699,World Register of Marine Species:  www.marinespecies.org,Animalia,Arthropoda,Malacostraca,Decapoda,Paguridae,Pagurus,Pagurus hirsutiusculus,1,Pagurus hirsutiusculus,366699
pagurus samuelis,pagurus samuelis,quadrat,366786,World Register of Marine Species:  www.marinespecies.org,Animalia,Arthropoda,Malacostraca,Decapoda,Paguridae,Pagurus,Pagurus samuelis,1,Pagurus samuelis,366786
pagurus spp,pagurus spp,NA,106854,World Register of Marine Species:  www.marinespecies.org,Animalia,Arthropoda,Malacostraca,Decapoda,Paguridae,Pagurus,NULL,5,Pagurus spp,106854
palmaria callophylloides,palmaria callophylloides,point contact,373914,World Register of Marine Species:  www.marinespecies.org,Plantae,(Division) Rhodophyta,Florideophyceae,Palmariales,Palmariaceae,Palmaria,Palmaria callophylloides,3,Palmaria callophylloides,373914
palmaria hecatensis,palmaria hecatensis,point contact,372625,World Register of Marine Species:  www.marinespecies.org,Plantae,(Division) Rhodophyta,Florideophyceae,Palmariales,Palmariaceae,Palmaria,Palmaria hecatensis,3,Palmaria hecatensis,372625
palmaria mollis,palmaria mollis,point contact,372626,World Register of Marine Species:  www.marinespecies.org,Plantae,(Division) Rhodophyta,Florideophyceae,Palmariales,Palmariaceae,Palmaria,Palmaria mollis,3,Palmaria mollis,372626
palmaria palmata,palmaria palmata,point contact,145771,World Register of Marine Species:  www.marinespecies.org,Plantae,(Division) Rhodophyta,Florideophyceae,Palmariales,Palmariaceae,Palmaria,Palmaria palmata,3,Palmaria palmata,145771
panulirus interruptus,panulirus interruptus,swath,382898,World Register of Marine Species:  www.marinespecies.org,Animalia,Arthropoda,Malacostraca,Decapoda,Palinuridae,Panulirus,Panulirus interruptus,3,Panulirus interruptus,382898
paradialychone ecaudata,paradialychone ecaudata,NA,558740,World Register of Marine Species:  www.marinespecies.org,Animalia,Annelida,Polychaeta,Sabellida,Sabellidae,Paradialychone,Paradialychone ecaudata,5,Paradialychone ecaudata,558740
paranemertes spp,paranemertes spp,NA,122406,World Register of Marine Species:  www.marinespecies.org,Animalia,Nemertea,Hoplonemertea,Monostilifera,Neesiidae,Paranemertes,NULL,5,DROP,NA
paraxanthias taylori,paraxanthias taylori,quadrat,444329,World Register of Marine Species:  www.marinespecies.org,Animalia,Arthropoda,Malacostraca,Decapoda,Xanthidae,Paraxanthias,Paraxanthias taylori,3,Paraxanthias taylori,444329
patiria miniata,patiria miniata,swath,382131,World Register of Marine Species:  www.marinespecies.org,Animalia,Echinodermata,Asteroidea,Valvatida,Asterinidae,Patiria,Patiria miniata,3,Patiria miniata,382131
pelia tumida,pelia tumida,quadrat,441652,World Register of Marine Species:  www.marinespecies.org,Animalia,Arthropoda,Malacostraca,Decapoda,Epialtidae,Pelia,Pelia tumida,4,Pelia tumida,441652
peltodoris nobilis,anisodoris nobilis,quadrat,594422,World Register of Marine Species:  www.marinespecies.org,Animalia,Mollusca,Gastropoda,Nudibranchia,Discodorididae,Peltodoris,Peltodoris nobilis,3,Peltodoris nobilis,594422
peltogaster spp,peltogaster spp,quadrat,134777,World Register of Marine Species:  www.marinespecies.org,Animalia,Arthropoda,Thecostraca,NULL,Peltogastridae,Peltogaster,NULL,3,Peltogaster spp,134777
pelvetiopsis arborescens,pelvetiopsis arborescens,point contact,372701,World Register of Marine Species:  www.marinespecies.org,Chromista,Ochrophyta,Phaeophyceae,Fucales,Fucaceae,Pelvetiopsis,Pelvetiopsis arborescens,3,Pelvetiopsis arborescens/limitata,370005
pelvetiopsis californica,pelvetiopsis californica,point contact,1313566,World Register of Marine Species:  www.marinespecies.org,Chromista,Ochrophyta,Phaeophyceae,Fucales,Fucaceae,Pelvetiopsis,Pelvetiopsis californica,1,Pelvetiopsis californica,1313566
pelvetiopsis hybrida,pelvetiopsis hybrida,point contact,1359866,World Register of Marine Species:  www.marinespecies.org,Chromista,Ochrophyta,Phaeophyceae,Fucales,Fucaceae,Pelvetiopsis,Pelvetiopsis hybrida,4,Pelvetiopsis arborescens/hybrida/limitata,370005
pelvetiopsis limitata,pelvetiopsis limitata,point contact,372511,World Register of Marine Species:  www.marinespecies.org,Chromista,Ochrophyta,Phaeophyceae,Fucales,Fucaceae,Pelvetiopsis,Pelvetiopsis limitata,3,Pelvetiopsis arborescens/limitata,370005
pelvetiopsis spp,pelvetiopsis spp,point contact,370005,World Register of Marine Species:  www.marinespecies.org,Chromista,Ochrophyta,Phaeophyceae,Fucales,Fucaceae,Pelvetiopsis,NULL,4,Pelvetiopsis arborescens/hybrida/limitata,370005
penitella spp,penitella spp,point contact,492704,World Register of Marine Species:  www.marinespecies.org,Animalia,Mollusca,Bivalvia,Myida,Pholadidae,Penitella,NULL,4,Penitella spp,492704
pentidotea resecata,pentidotea resecata,point contact,261978,World Register of Marine Species:  www.marinespecies.org,Animalia,Arthropoda,Malacostraca,Isopoda,Idoteidae,Pentidotea,Pentidotea resecata,4,Idotea spp/Pentidotea spp,118283
pentidotea wosnesenskii,pentidotea wosnesenskii,quadrat,261982,World Register of Marine Species:  www.marinespecies.org,Animalia,Arthropoda,Malacostraca,Isopoda,Idoteidae,Pentidotea,Pentidotea wosnesenskii,3,Idotea spp/Pentidotea spp,118283
perimangelia interfossa,clathromangelia interfossa,quadrat,434588,World Register of Marine Species:  www.marinespecies.org,Animalia,Mollusca,Gastropoda,Neogastropoda,Mangeliidae,Perimangelia,Perimangelia interfossa,4,Perimangelia interfossa,434588
perophora annectens,perophora annectens,point contact,250979,World Register of Marine Species:  www.marinespecies.org,Animalia,Chordata,Ascidiacea,Phlebobranchia,Perophoridae,Perophora,Perophora annectens,4,Perophora annectens,250979
petaloconchus compactus,petaloconchus compactus,point contact,580670,World Register of Marine Species:  www.marinespecies.org,Animalia,Mollusca,Gastropoda,Littorinimorpha,Vermetidae,Petaloconchus,Petaloconchus compactus,3,Petaloconchus compactus,580670
petaloconchus montereyensis,petaloconchus montereyensis,point contact,549434,World Register of Marine Species:  www.marinespecies.org,Animalia,Mollusca,Gastropoda,Littorinimorpha,Vermetidae,Petaloconchus,Petaloconchus montereyensis,3,Petaloconchus montereyensis,549434
petrocelis,petrocelis,point contact,144163,World Register of Marine Species:  www.marinespecies.org,Plantae,(Division) Rhodophyta,Florideophyceae,Gigartinales,Phyllophoraceae,Mastocarpus,NULL,1,Non Coralline crust,NA
petroglossum parvum,petroglossum parvum,point contact,372769,World Register of Marine Species:  www.marinespecies.org,Plantae,(Division) Rhodophyta,Florideophyceae,Gigartinales,Phyllophoraceae,Petroglossum,Petroglossum parvum,4,Petroglossum parvum,372769
petrolisthes cinctipes,petrolisthes cinctipes,quadrat,431841,World Register of Marine Species:  www.marinespecies.org,Animalia,Arthropoda,Malacostraca,Decapoda,Porcellanidae,Petrolisthes,Petrolisthes cinctipes,4,Petrolisthes spp,206848
petrolisthes eriomerus,petrolisthes eriomerus,quadrat,431847,World Register of Marine Species:  www.marinespecies.org,Animalia,Arthropoda,Malacostraca,Decapoda,Porcellanidae,Petrolisthes,Petrolisthes eriomerus,4,Petrolisthes spp,206848
petrolisthes spp,petrolisthes spp,quadrat,206848,World Register of Marine Species:  www.marinespecies.org,Animalia,Arthropoda,Malacostraca,Decapoda,Porcellanidae,Petrolisthes,NULL,2,Petrolisthes spp,206848
petrospongium rugosum,petrospongium rugosum,point contact,371938,World Register of Marine Species:  www.marinespecies.org,Chromista,Ochrophyta,Phaeophyceae,Ectocarpales,Petrospongiaceae,Petrospongium,Petrospongium rugosum,1,Petrospongium rugosum,371938
pharia pyramidata,pharia pyramidata,swath,292795,World Register of Marine Species:  www.marinespecies.org,Animalia,Echinodermata,Asteroidea,Valvatida,Ophidiasteridae,Pharia,Pharia pyramidata,4,Pharia pyramidata,292795
phataria unifascialis,phataria unifascialis,swath,292797,World Register of Marine Species:  www.marinespecies.org,Animalia,Echinodermata,Asteroidea,Valvatida,Ophidiasteridae,Phataria,Phataria unifascialis,4,Phataria unifascialis,292797
phidiana hiltoni,phidiana hiltoni,quadrat,578323,World Register of Marine Species:  www.marinespecies.org,Animalia,Mollusca,Gastropoda,Nudibranchia,Facelinidae,Phidiana,Phidiana hiltoni,4,Phidiana hiltoni,578323
philine quadripartita,philine quadripartita,quadrat,574582,World Register of Marine Species:  www.marinespecies.org,Animalia,Mollusca,Gastropoda,Cephalaspidea,Philinidae,Philine,Philine quadripartita,4,Philine quadripartita,574582
phimochirus californiensis,phimochirus californiensis,quadrat,366817,World Register of Marine Species:  www.marinespecies.org,Animalia,Arthropoda,Malacostraca,Decapoda,Paguridae,Phimochirus,Phimochirus californiensis,4,Phimochirus californiensis,366817
pholis laeta,pholis laeta,NA,273689,World Register of Marine Species:  www.marinespecies.org,Animalia,Chordata,Teleostei,Perciformes,Pholidae,Pholis,Pholis laeta,5,DROP,NA
phoronis ijimai,phoronis ijimai,point contact,237586,World Register of Marine Species:  www.marinespecies.org,Animalia,Phoronida,NULL,NULL,Phoronidae,Phoronis,Phoronis ijimai,4,DROP,NA
phragmatopoma spp; sabellaria spp,phragmatopoma spp; sabellaria spp,point contact,979,World Register of Marine Species:  www.marinespecies.org,Animalia,Annelida,Polychaeta,NULL,Sabellariidae,NULL,NULL,1,Phragmatopoma/Sabellaria spp,979
phycodrys fimbriata,phycodrys fimbriata,point contact,372438,World Register of Marine Species:  www.marinespecies.org,Plantae,(Division) Rhodophyta,Florideophyceae,Ceramiales,Delesseriaceae,Phycodrys,Phycodrys fimbriata,4,Phycodrys fimbriata,372438
phycodrys profunda,phycodrys profunda,point contact,372805,World Register of Marine Species:  www.marinespecies.org,Plantae,(Division) Rhodophyta,Florideophyceae,Ceramiales,Delesseriaceae,Phycodrys,Phycodrys profunda,4,Phycodrys profunda,372805
phycodrys riggii,phycodrys riggii,point contact,373808,World Register of Marine Species:  www.marinespecies.org,Plantae,(Division) Rhodophyta,Florideophyceae,Ceramiales,Delesseriaceae,Phycodrys,Phycodrys riggii,4,Phycodrys riggii,373808
phycodrys setchellii,phycodrys setchellii,point contact,372630,World Register of Marine Species:  www.marinespecies.org,Plantae,(Division) Rhodophyta,Florideophyceae,Ceramiales,Delesseriaceae,Phycodrys,Phycodrys setchellii,4,Phycodrys setchellii,372630
phycodrys spp,phycodrys spp,NA,143895,World Register of Marine Species:  www.marinespecies.org,Plantae,(Division) Rhodophyta,Florideophyceae,Ceramiales,Delesseriaceae,Phycodrys,NULL,5,Phycodrys spp,143895
phyllochaetopterus prolifica,phyllochaetopterus prolifica,point contact,330562,World Register of Marine Species:  www.marinespecies.org,Animalia,Annelida,Polychaeta,NULL,Chaetopteridae,Phyllochaetopterus,Phyllochaetopterus prolifica,3,Phyllochaetopterus prolifica,330562
phyllospadix scouleri,phyllospadix scouleri,point contact,374707,World Register of Marine Species:  www.marinespecies.org,Plantae,(Division) Tracheophyta,Magnoliopsida,Alismatales,Zosteraceae,Phyllospadix,Phyllospadix scouleri,1,Phyllospadix scouleri/serrulatus,370041
phyllospadix scouleri; phyllospadix serrulatus,phyllospadix scouleri; phyllospadix serrulatus,point contact,370041,World Register of Marine Species:  www.marinespecies.org,Plantae,(Division) Tracheophyta,Magnoliopsida,Alismatales,Zosteraceae,Phyllospadix,NULL,2,Phyllospadix scouleri/serrulatus,370041
phyllospadix serrulatus,phyllospadix serrulatus,point contact,374708,World Register of Marine Species:  www.marinespecies.org,Plantae,(Division) Tracheophyta,Magnoliopsida,Alismatales,Zosteraceae,Phyllospadix,Phyllospadix serrulatus,2,Phyllospadix scouleri/serrulatus,370041
phyllospadix torreyi,phyllospadix torreyi,point contact,374709,World Register of Marine Species:  www.marinespecies.org,Plantae,(Division) Tracheophyta,Magnoliopsida,Alismatales,Zosteraceae,Phyllospadix,Phyllospadix torreyi,1,Phyllospadix torreyi,374709
physcia caesia,physcia caesia,point contact,594748,World Register of Marine Species:  www.marinespecies.org,Fungi,(Division) Ascomycota,Lecanoromycetes,Teloschistales,Physciaceae,Physcia,Physcia caesia,5,Lichen,438309
pilumnus spinohirsutus,pilumnus spinohirsutus,quadrat,442575,World Register of Marine Species:  www.marinespecies.org,Animalia,Arthropoda,Malacostraca,Decapoda,Pilumnidae,Pilumnus,Pilumnus spinohirsutus,4,Pilumnus spinohirsutus,442575
pisaster brevispinus,pisaster brevispinus,swath,240757,World Register of Marine Species:  www.marinespecies.org,Animalia,Echinodermata,Asteroidea,Forcipulatida,Asteriidae,Pisaster,Pisaster brevispinus,3,Pisaster brevispinus,240757
pisaster giganteus,pisaster giganteus,swath,240758,World Register of Marine Species:  www.marinespecies.org,Animalia,Echinodermata,Asteroidea,Forcipulatida,Asteriidae,Pisaster,Pisaster giganteus,3,Pisaster giganteus,240758
pisaster ochraceus,pisaster ochraceus,swath,240755,World Register of Marine Species:  www.marinespecies.org,Animalia,Echinodermata,Asteroidea,Forcipulatida,Asteriidae,Pisaster,Pisaster ochraceus,1,Pisaster ochraceus,240755
pisaster spp,pisaster spp,NA,240754,World Register of Marine Species:  www.marinespecies.org,Animalia,Echinodermata,Asteroidea,Forcipulatida,Asteriidae,Pisaster,NULL,5,Pisaster spp,240754
pista spp,pista spp,point contact,129708,World Register of Marine Species:  www.marinespecies.org,Animalia,Annelida,Polychaeta,Terebellida,Terebellidae,Pista,NULL,3,Pista spp,129708
placiphorella velata,placiphorella velata,quadrat,386377,World Register of Marine Species:  www.marinespecies.org,Animalia,Mollusca,Polyplacophora,Chitonida,Mopaliidae,Placiphorella,Placiphorella velata,3,Placiphorella velata,386377
platythamnion spp,platythamnion spp,NA,370060,World Register of Marine Species:  www.marinespecies.org,Plantae,(Division) Rhodophyta,Florideophyceae,Ceramiales,Ceramiaceae,Platythamnion,NULL,5,Platythamnion spp,370060
pleonosporium spp,pleonosporium spp,point contact,143851,World Register of Marine Species:  www.marinespecies.org,Plantae,(Division) Rhodophyta,Florideophyceae,Ceramiales,Ceramiaceae,Pleonosporium,NULL,3,Pleonosporium spp,143851
plocamium oregonum,plocamium oregonum,point contact,372632,World Register of Marine Species:  www.marinespecies.org,Plantae,(Division) Rhodophyta,Florideophyceae,Plocamiales,Plocamiaceae,Plocamium,Plocamium oregonum,3,Plocamium oregonum,372632
plocamium pacificum,plocamium pacificum,point contact,498042,World Register of Marine Species:  www.marinespecies.org,Plantae,(Division) Rhodophyta,Florideophyceae,Plocamiales,Plocamiaceae,Plocamium,Plocamium pacificum,1,Plocamium pacificum,498042
plocamium spp,plocamium spp,NA,144223,World Register of Marine Species:  www.marinespecies.org,Plantae,(Division) Rhodophyta,Florideophyceae,Plocamiales,Plocamiaceae,Plocamium,NULL,5,Plocamium spp,144223
plocamium violaceum,plocamium violaceum,point contact,372633,World Register of Marine Species:  www.marinespecies.org,Plantae,(Division) Rhodophyta,Florideophyceae,Plocamiales,Plocamiaceae,Plocamium,Plocamium violaceum,1,Plocamium violaceum,372633
pododesmus macrochisma,pododesmus macrochisma,point contact,758426,World Register of Marine Species:  www.marinespecies.org,Animalia,Mollusca,Bivalvia,Pectinida,Anomiidae,Pododesmus,Pododesmus macrochisma,3,Pododesmus macrochisma,758426
pollicipes polymerus,pollicipes polymerus,point contact,535329,World Register of Marine Species:  www.marinespecies.org,Animalia,Arthropoda,Thecostraca,Pollicipedomorpha,Pollicipedidae,Pollicipes,Pollicipes polymerus,1,Pollicipes polymerus,535329
polycera atra,polycera atra,quadrat,527533,World Register of Marine Species:  www.marinespecies.org,Animalia,Mollusca,Gastropoda,Nudibranchia,Polyceridae,Polycera,Polycera atra,4,Polycera atra,527533
polyceridae,polyceridae,quadrat,177,World Register of Marine Species:  www.marinespecies.org,Animalia,Mollusca,Gastropoda,Nudibranchia,Polyceridae,NULL,NULL,5,DROP,NA
polyclinum spp,polyclinum spp,point contact,103474,World Register of Marine Species:  www.marinespecies.org,Animalia,Chordata,Ascidiacea,Aplousobranchia,Polyclinidae,Polyclinum,NULL,3,Polyclinum,103474
polyneura latissima,polyneura latissima,point contact,372634,World Register of Marine Species:  www.marinespecies.org,Plantae,(Division) Rhodophyta,Florideophyceae,Ceramiales,Delesseriaceae,Polyneura,Polyneura latissima,3,Polyneura latissima,372634
polyp,polyp,point contact,1267,World Register of Marine Species:  www.marinespecies.org,Animalia,Cnidaria,NULL,NULL,NULL,NULL,NULL,5,DROP,NA
polysiphonia spp,polysiphonia spp,point contact,143853,World Register of Marine Species:  www.marinespecies.org,Plantae,(Division) Rhodophyta,Florideophyceae,Ceramiales,Rhodomelaceae,Polysiphonia,NULL,1,Polysiphonia/Eutrichosiphonia/Leptosiphonia/Vertebrata spp,143674
polysiphonia spp; vertebrata spp,polysiphonia spp; vertebrata spp,point contact,143674,World Register of Marine Species:  www.marinespecies.org,Plantae,(Division) Rhodophyta,Florideophyceae,Ceramiales,Rhodomelaceae,NULL,NULL,4,Polysiphonia/Eutrichosiphonia/Leptosiphonia/Vertebrata spp,143674
pomaulax gibberosus,lithopoma gibberosum,quadrat,581670,World Register of Marine Species:  www.marinespecies.org,Animalia,Mollusca,Gastropoda,Trochida,Turbinidae,Pomaulax,Pomaulax gibberosus,4,Pomaulax gibberosus,581670
postelsia palmaeformis,postelsia palmaeformis,point contact,372518,World Register of Marine Species:  www.marinespecies.org,Chromista,Ochrophyta,Phaeophyceae,Laminariales,Laminariaceae,Postelsia,Postelsia palmaeformis,2,Postelsia palmaeformis,372518
prasiola spp,prasiola spp,point contact,144234,World Register of Marine Species:  www.marinespecies.org,Plantae,(Division) Chlorophyta,Trebouxiophyceae,Prasiolales,Prasiolaceae,Prasiola,NULL,3,Prasiola spp,144234
primavelans insculpta,primavelans insculpta,point contact,472023,World Register of Marine Species:  www.marinespecies.org,Animalia,Bryozoa,Gymnolaemata,Cheilostomatida,Pacificincolidae,Primavelans,Primavelans insculpta,3,Primavelans insculpta,472023
prionitis australis,prionitis australis,point contact,371244,World Register of Marine Species:  www.marinespecies.org,Plantae,(Division) Rhodophyta,Florideophyceae,Halymeniales,Halymeniaceae,Prionitis,Prionitis australis,4,Prionitis australis,371244
prionitis filiformis,prionitis filiformis,point contact,213824,World Register of Marine Species:  www.marinespecies.org,Plantae,(Division) Rhodophyta,Florideophyceae,Halymeniales,Halymeniaceae,Prionitis,Prionitis filiformis,3,Prionitis filiformis,213824
prionitis lanceolata,prionitis lanceolata,point contact,496247,World Register of Marine Species:  www.marinespecies.org,Plantae,(Division) Rhodophyta,Florideophyceae,Halymeniales,Halymeniaceae,Prionitis,Prionitis lanceolata,1,Prionitis lanceolata,496247
prionitis lanceolata; prionitis sternbergii,prionitis lanceolata; prionitis sternbergii,point contact,205954,World Register of Marine Species:  www.marinespecies.org,Plantae,(Division) Rhodophyta,Florideophyceae,Halymeniales,Halymeniaceae,Prionitis,NULL,5,Grateloupia/Prionitis spp,144044
prionitis linearis,prionitis linearis,point contact,213821,World Register of Marine Species:  www.marinespecies.org,Plantae,(Division) Rhodophyta,Florideophyceae,Halymeniales,Halymeniaceae,Prionitis,Prionitis linearis,3,Prionitis linearis,213821
prionitis sternbergii,prionitis sternbergii,point contact,375614,World Register of Marine Species:  www.marinespecies.org,Plantae,(Division) Rhodophyta,Florideophyceae,Halymeniales,Halymeniaceae,Prionitis,Prionitis sternbergii,1,Prionitis sternbergii,375614
pseudochama exogyra,pseudochama exogyra,point contact,504794,World Register of Marine Species:  www.marinespecies.org,Animalia,Mollusca,Bivalvia,Venerida,Chamidae,Pseudochama,Pseudochama exogyra,2,Pseudochama exogyra,504794
pseudocnus spp,pseudocnus spp,quadrat,123490,World Register of Marine Species:  www.marinespecies.org,Animalia,Echinodermata,Holothuroidea,Dendrochirotida,Cucumariidae,Pseudocnus,NULL,4,Cucumaria/Pseudocnus spp,123187
pseudolithoderma nigra,pseudolithoderma nigra,point contact,372688,World Register of Marine Species:  www.marinespecies.org,Chromista,Ochrophyta,Phaeophyceae,Sphacelariales,Lithodermataceae,Pseudolithoderma,Pseudolithoderma nigrum,1,Pseudolithoderma nigrum,372688
pseudomelatoma penicillata,pseudomelatoma penicillata,quadrat,434770,World Register of Marine Species:  www.marinespecies.org,Animalia,Mollusca,Gastropoda,Neogastropoda,Pseudomelatomidae,Pseudomelatoma,Pseudomelatoma penicillata,3,Pseudomelatoma penicillata,434770
pseudomelatoma torosa,pseudomelatoma torosa,quadrat,434771,World Register of Marine Species:  www.marinespecies.org,Animalia,Mollusca,Gastropoda,Neogastropoda,Pseudomelatomidae,Pseudomelatoma,Pseudomelatoma torosa,3,Pseudomelatoma torosa,434771
pseudopotamilla occelata,potamilla occelata,point contact,331424,World Register of Marine Species:  www.marinespecies.org,Animalia,Annelida,Polychaeta,Sabellida,Sabellidae,Pseudopotamilla,Pseudopotamilla occelata,3,Pseudopotamilla occelata,331424
pseudopusula californiana,pseudopusula californiana,quadrat,833539,World Register of Marine Species:  www.marinespecies.org,Animalia,Mollusca,Gastropoda,Littorinimorpha,Triviidae,Pseudopusula,Pseudopusula californiana,3,Pseudopusula californiana,833539
pseudopusula spp; pusula spp,trivia spp,quadrat,144,World Register of Marine Species:  www.marinespecies.org,Animalia,Mollusca,Gastropoda,Littorinimorpha,Triviidae,NULL,NULL,4,Pseudopusula spp; Pusula spp,144
pterocladiella caloglossoides,pterocladiella caloglossoides,point contact,374578,World Register of Marine Species:  www.marinespecies.org,Plantae,(Division) Rhodophyta,Florideophyceae,Gelidiales,Pterocladiaceae,Pterocladiella,Pterocladiella caloglossoides,4,Pterocladiella caloglossoides,374578
pterocladiella capillacea,pterocladiella capillacea,point contact,145599,World Register of Marine Species:  www.marinespecies.org,Plantae,(Division) Rhodophyta,Florideophyceae,Gelidiales,Pterocladiaceae,Pterocladiella,Pterocladiella capillacea,1,Pterocladiella capillacea,145599
pterocladiella media,pterocladiella media,point contact,1356508,World Register of Marine Species:  www.marinespecies.org,Plantae,(Division) Rhodophyta,Florideophyceae,Gelidiales,Pterocladiaceae,Pterocladiella,Pterocladiella media,3,Pterocladiella media,1356508
pterocladiella spp,pterocladiella spp,NA,144137,World Register of Marine Species:  www.marinespecies.org,Plantae,(Division) Rhodophyta,Florideophyceae,Gelidiales,Pterocladiaceae,Pterocladiella,NULL,5,Pterocladiella spp,144137
pteropurpura trialata,pteropurpura trialata,quadrat,743650,World Register of Marine Species:  www.marinespecies.org,Animalia,Mollusca,Gastropoda,Neogastropoda,Muricidae,Pteropurpura,Pteropurpura trialata,3,Pteropurpura trialata,743650
pterosiphonieae,pterosiphonieae,NA,494009,World Register of Marine Species:  www.marinespecies.org,Plantae,(Division) Rhodophyta,Florideophyceae,Ceramiales,Rhodomelaceae,NULL,NULL,5,Pterosiphonia spp,494009
pterothamnion spp,pterothamnion spp,point contact,143856,World Register of Marine Species:  www.marinespecies.org,Plantae,(Division) Rhodophyta,Florideophyceae,Ceramiales,Ceramiaceae,Pterothamnion,NULL,4,Pterothamnion spp,143856
pterygophora californica,pterygophora californica,point contact,240750,World Register of Marine Species:  www.marinespecies.org,Chromista,Ochrophyta,Phaeophyceae,Laminariales,Alariaceae,Pterygophora,Pterygophora californica,2,Pterygophora californica,240750
ptilota hypnoides,ptilota hypnoides,point contact,497685,World Register of Marine Species:  www.marinespecies.org,Plantae,(Division) Rhodophyta,Florideophyceae,Ceramiales,Wrangeliaceae,Ptilota,Ptilota hypnoides,4,Neoptilota/Ptilota spp,172527
ptilota sloanii,ptilota sloanii,point contact,1360229,World Register of Marine Species:  www.marinespecies.org,Plantae,(Division) Rhodophyta,Florideophyceae,Ceramiales,Wrangeliaceae,Ptilota,Ptilota sloanii,4,Neoptilota/Ptilota spp,172527
pugetia fragilissima,pugetia fragilissima,point contact,372652,World Register of Marine Species:  www.marinespecies.org,Plantae,Rhodophyta,Florideophyceae,Gigartinales,Kallymeniaceae,Pugetia,Pugetia fragilissima,3,Pugetia fragilissima,372652
pugettia foliata,pugettia foliata,quadrat,851288,World Register of Marine Species:  www.marinespecies.org,Animalia,Arthropoda,Malacostraca,Decapoda,Epialtidae,Pugettia,Pugettia foliata,3,Pugettia foliata,851288
pugettia gracilis,pugettia gracilis,quadrat,441478,World Register of Marine Species:  www.marinespecies.org,Animalia,Arthropoda,Malacostraca,Decapoda,Epialtidae,Pugettia,Pugettia gracilis,4,Pugettia gracilis/richii,240779
pugettia gracilis; pugettia richii,pugettia gracilis; pugettia richii,quadrat,240779,World Register of Marine Species:  www.marinespecies.org,Animalia,Arthropoda,Malacostraca,Decapoda,Epialtidae,Pugettia,NULL,1,Pugettia gracilis/richii,240779
pugettia producta,pugettia producta,quadrat,240780,World Register of Marine Species:  www.marinespecies.org,Animalia,Arthropoda,Malacostraca,Decapoda,Epialtidae,Pugettia,Pugettia producta,1,Pugettia producta,240780
pugettia richii,pugettia richii,quadrat,441490,World Register of Marine Species:  www.marinespecies.org,Animalia,Arthropoda,Malacostraca,Decapoda,Epialtidae,Pugettia,Pugettia richii,4,Pugettia gracilis/richii,240779
pugettia spp,pugettia spp,quadrat,240779,World Register of Marine Species:  www.marinespecies.org,Animalia,Arthropoda,Malacostraca,Decapoda,Epialtidae,Pugettia,NULL,5,DROP,NA
pusula solandri,trivia solandri,quadrat,555923,World Register of Marine Species:  www.marinespecies.org,Animalia,Mollusca,Gastropoda,Littorinimorpha,Triviidae,Pusula,Pusula solandri,4,Pusula solandri,555923
pycnoclavella stanleyi,pycnoclavella stanleyi,point contact,251245,World Register of Marine Species:  www.marinespecies.org,Animalia,Chordata,Ascidiacea,Aplousobranchia,Clavelinidae,Pycnoclavella,Pycnoclavella stanleyi,4,Pycnoclavella stanleyi,251245
pycnogonida,pycnogonida,quadrat,1302,World Register of Marine Species:  www.marinespecies.org,Animalia,Arthropoda,Pycnogonida,NULL,NULL,NULL,NULL,2,Pycnogonida,1302
pycnopodia helianthoides,pycnopodia helianthoides,swath,240764,World Register of Marine Species:  www.marinespecies.org,Animalia,Echinodermata,Asteroidea,Forcipulatida,Asteriidae,Pycnopodia,Pycnopodia helianthoides,3,Pycnopodia helianthoides,240764
pylaiella littoralis,pilayella littoralis,point contact,157188,World Register of Marine Species:  www.marinespecies.org,Chromista,Ochrophyta,Phaeophyceae,Ectocarpales,Acinetosporaceae,Pylaiella,Pylaiella littoralis,3,Pylaiella littoralis,157188
pyrenocollema halodytes,pyrenocollema halodytes,point contact,147752,World Register of Marine Species:  www.marinespecies.org,Fungi,(Division) Ascomycota,Eurotiomycetes,Pyrenulales,Xanthopyreniaceae,Pyrenocollema,Pyrenocollema halodytes,5,Lichen,438309
pyropia spp,pyropia spp,point contact,603075,World Register of Marine Species:  www.marinespecies.org,Plantae,(Division) Rhodophyta,Bangiophyceae,Bangiales,Bangiaceae,Pyropia,NULL,1,Pyropia spp,603075
pyura haustor,pyura haustor,point contact,251266,World Register of Marine Species:  www.marinespecies.org,Animalia,Chordata,Ascidiacea,Stolidobranchia,Pyuridae,Pyura,Pyura haustor,4,Pyura haustor,251266
ralfsiaceae,ralfsiaceae,point contact,143684,World Register of Marine Species:  www.marinespecies.org,Chromista,Ochrophyta,Phaeophyceae,Ralfsiales,Ralfsiaceae,NULL,NULL,1,Non Coralline crust,NA
ralfsia fungiformis,ralfsia fungiformis,point contact,144997,World Register of Marine Species:  www.marinespecies.org,Chromista,Ochrophyta,Phaeophyceae,Ralfsiales,Ralfsiaceae,Ralfsia,Ralfsia fungiformis,3,Ralfsia fungiformis,144997
rhizoclonium spp,rhizoclonium spp,point contact,143997,World Register of Marine Species:  www.marinespecies.org,Plantae,(Division) Chlorophyta,Ulvophyceae,Cladophorales,Cladophoraceae,Rhizoclonium,NULL,3,Rhizoclonium spp,143997
rhizoclonium tortuosum,rhizoclonium tortuosum,point contact,145076,World Register of Marine Species:  www.marinespecies.org,Plantae,(Division) Chlorophyta,Ulvophyceae,Cladophorales,Cladophoraceae,Rhizoclonium,Rhizoclonium tortuosum,4,Rhizoclonium spp,143997
rhodochorton purpureum,rhodochorton purpureum,point contact,144404,World Register of Marine Species:  www.marinespecies.org,Plantae,(Division) Rhodophyta,Florideophyceae,Acrochaetiales,Rhodochortonaceae,Rhodochorton,Rhodochorton purpureum,4,Rhodochorton purpureum,144404
rhodophyta,other red algae,point contact,852,World Register of Marine Species:  www.marinespecies.org,Plantae,(Division) Rhodophyta,NULL,NULL,NULL,NULL,NULL,5,DROP,NA
rhodymenia californica,rhodymenia californica,point contact,372654,World Register of Marine Species:  www.marinespecies.org,Plantae,(Division) Rhodophyta,Florideophyceae,Rhodymeniales,Rhodymeniaceae,Rhodymenia,Rhodymenia californica,3,Rhodymenia californica,372654
rhodymenia pacifica,rhodymenia pacifica,point contact,372653,World Register of Marine Species:  www.marinespecies.org,Plantae,(Division) Rhodophyta,Florideophyceae,Rhodymeniales,Rhodymeniaceae,Rhodymenia,Rhodymenia pacifica,3,Rhodymenia pacifica,372653
rhodymenia spp,rhodymenia spp,NA,144252,World Register of Marine Species:  www.marinespecies.org,Plantae,(Division) Rhodophyta,Florideophyceae,Rhodymeniales,Rhodymeniaceae,Rhodymenia,NULL,5,Rhodymenia spp,144252
rictaxis punctocaelatus,rictaxis punctocaelatus,quadrat,581391,World Register of Marine Species:  www.marinespecies.org,Animalia,Mollusca,Gastropoda,NULL,Acteonidae,Rictaxis,Rictaxis punctocaelatus,4,Rictaxis punctocaelatus,581391
ritterella rubra,ritterella rubra,point contact,251340,World Register of Marine Species:  www.marinespecies.org,Animalia,Chordata,Ascidiacea,Aplousobranchia,Ritterellidae,Ritterella,Ritterella rubra,4,Ritterella rubra,251340
ritterella spp,ritterella spp,point contact,103476,World Register of Marine Species:  www.marinespecies.org,Animalia,Chordata,Ascidiacea,Aplousobranchia,Ritterellidae,Ritterella,NULL,4,Ritterella spp,103476
rock,bare rock was the final classification,point contact,NULL,MARINe researchers: pacificrockyintertidal.org,NULL,NULL,NULL,NULL,NULL,NULL,NULL,1,Rock,NA
romaleon antennarium,cancer antennarius,quadrat,440397,World Register of Marine Species:  www.marinespecies.org,Animalia,Arthropoda,Malacostraca,Decapoda,Cancridae,Romaleon,Romaleon antennarium,3,Romaleon antennarium,440397
romaleon branneri,cancer branneri,quadrat,440398,World Register of Marine Species:  www.marinespecies.org,Animalia,Arthropoda,Malacostraca,Decapoda,Cancridae,Romaleon,Romaleon branneri,4,Romaleon branneri,440398
romaleon jordani,cancer jordani,quadrat,440400,World Register of Marine Species:  www.marinespecies.org,Animalia,Arthropoda,Malacostraca,Decapoda,Cancridae,Romaleon,Romaleon jordani,4,Romaleon jordani,440400
roperia poulsoni,roperia poulsoni,quadrat,404119,World Register of Marine Species:  www.marinespecies.org,Animalia,Mollusca,Gastropoda,Neogastropoda,Muricidae,Roperia,Roperia poulsoni,2,Roperia poulsoni,404119
rostanga pulchra,rostanga pulchra,quadrat,533391,World Register of Marine Species:  www.marinespecies.org,Animalia,Mollusca,Gastropoda,Nudibranchia,Discodorididae,Rostanga,Rostanga pulchra,4,Rostanga pulchra,533391
ruditapes philippinarum,ruditapes philippinarum,point contact,231750,World Register of Marine Species:  www.marinespecies.org,Animalia,Mollusca,Bivalvia,Venerida,Veneridae,Ruditapes,Ruditapes philippinarum,3,Ruditapes philippinarum,231750
sabellidae,sabellidae,NA,985,World Register of Marine Species:  www.marinespecies.org,Animalia,Annelida,Polychaeta,Sabellida,Sabellidae,NULL,NULL,5,Sabellidae,985
saccharina latissima,saccharina latissima,point contact,234483,World Register of Marine Species:  www.marinespecies.org,Chromista,Ochrophyta,Phaeophyceae,Laminariales,Laminariaceae,Saccharina,Saccharina latissima,3,Saccharina latissima,234483
saccharina spp,saccharina spp,NA,234482,World Register of Marine Species:  www.marinespecies.org,Chromista,Ochrophyta,Phaeophyceae,Laminariales,Laminariaceae,Saccharina,NULL,5,Saccharina spp,234482
salishia firma,pugetia firma,point contact,626266,World Register of Marine Species:  www.marinespecies.org,Plantae,(Division) Rhodophyta,Florideophyceae,Gigartinales,Kallymeniaceae,Salishia,Salishia firma,3,Salishia firma,626266
salmacina tribranchiata,salmacina tribranchiata,point contact,334720,World Register of Marine Species:  www.marinespecies.org,Animalia,Annelida,Polychaeta,Sabellida,Serpulidae,Salmacina,Salmacina tribranchiata,3,Salmacina tribranchiata,334720
sand,sand was the final classification,point contact,NULL,MARINe researchers: pacificrockyintertidal.org,NULL,NULL,NULL,NULL,NULL,NULL,NULL,1,Sand,NA
sarcodiotheca gaudichaudii,sarcodiotheca gaudichaudii,point contact,372656,World Register of Marine Species:  www.marinespecies.org,Plantae,(Division) Rhodophyta,Florideophyceae,Gigartinales,Solieriaceae,Sarcodiotheca,Sarcodiotheca gaudichaudii,2,Sarcodiotheca gaudichaudii,372656
sargassum agardhianum,sargassum agardhianum,point contact,494906,World Register of Marine Species:  www.marinespecies.org,Chromista,Ochrophyta,Phaeophyceae,Fucales,Sargassaceae,Sargassum,Sargassum agardhianum,2,Sargassum agardhianum,494906
sargassum horneri,sargassum horneri,point contact,494853,World Register of Marine Species:  www.marinespecies.org,Chromista,Ochrophyta,Phaeophyceae,Fucales,Sargassaceae,Sargassum,Sargassum horneri,2,Sargassum horneri,494853
sargassum muticum,sargassum muticum,point contact,494791,World Register of Marine Species:  www.marinespecies.org,Chromista,Ochrophyta,Phaeophyceae,Fucales,Sargassaceae,Sargassum,Sargassum muticum,1,Sargassum muticum,494791
sargassum palmeri,sargassum palmeri,point contact,494907,World Register of Marine Species:  www.marinespecies.org,Chromista,Ochrophyta,Phaeophyceae,Fucales,Sargassaceae,Sargassum,Sargassum palmeri,3,Sargassum palmeri,494907
sargassum spp,sargassum spp,point contact,144132,World Register of Marine Species:  www.marinespecies.org,Chromista,Ochrophyta,Phaeophyceae,Fucales,Sargassaceae,Sargassum,NULL,5,DROP,NA
savoiea bipinnata,savoiea bipinnata,point contact,1345055,World Register of Marine Species:  www.marinespecies.org,Plantae,(Division) Rhodophyta,Florideophyceae,Ceramiales,Rhodomelaceae,Savoiea,Savoiea bipinnata,1,Savoiea bipinnata/robusta,1345054
savoiea robusta,savoiea robusta,point contact,1792791,World Register of Marine Species:  www.marinespecies.org,Plantae,(Division) Rhodophyta,Florideophyceae,Ceramiales,Rhodomelaceae,Savoiea,Savoiea robusta,3,Savoiea bipinnata/robusta,1345054
schizoplax brandtii,schizoplax brandtii,quadrat,386400,World Register of Marine Species:  www.marinespecies.org,Animalia,Mollusca,Polyplacophora,Chitonida,Schizoplacidae,Schizoplax,Schizoplax brandtii,4,Schizoplax brandtii,386400
schizoporella japonica,schizoporella japonica,point contact,470388,World Register of Marine Species:  www.marinespecies.org,Animalia,Bryozoa,Gymnolaemata,Cheilostomatida,Schizoporellidae,Schizoporella,Schizoporella japonica,3,Schizoporella japonica,470388
schizoporella unicornis,schizoporella unicornis,point contact,111538,World Register of Marine Species:  www.marinespecies.org,Animalia,Bryozoa,Gymnolaemata,Cheilostomatida,Schizoporellidae,Schizoporella,Schizoporella unicornis,3,Schizoporella unicornis,111538
schizymenia spp; halymenia spp,schizymenia spp; halymenia spp,point contact,368670,World Register of Marine Species:  www.marinespecies.org,Plantae,(Division) Rhodophyta,Florideophyceae,NULL,NULL,NULL,NULL,1,Halymenia/Schizymenia spp,368670
scinaia confusa,scinaia confusa,point contact,372659,World Register of Marine Species:  www.marinespecies.org,Plantae,(Division) Rhodophyta,Florideophyceae,Nemaliales,Scinaiaceae,Scinaia,Scinaia confusa,4,Scinaia spp,144204
scinaia spp,scinaia spp,point contact,144204,World Register of Marine Species:  www.marinespecies.org,Plantae,(Division) Rhodophyta,Florideophyceae,Nemaliales,Scinaiaceae,Scinaia,NULL,4,Scinaia spp,144204
sculpins,sculpins,NA,154417,World Register of Marine Species:  www.marinespecies.org,Animalia,Chordata,Teleostei,Perciformes,NULL,NULL,NULL,5,DROP,NA
scytosiphon spp crustose phase,scytosiphon crust,point contact,144259,World Register of Marine Species:  www.marinespecies.org,Chromista,Ochrophyta,Phaeophyceae,Ectocarpales,Scytosiphonaceae,Scytosiphon,NULL,4,Non Coralline crust,NA
scytosiphon spp; melanosiphon spp,scytosiphon spp; melanosiphon spp,point contact,830,World Register of Marine Species:  www.marinespecies.org,Chromista,Ochrophyta,Phaeophyceae,NULL,NULL,NULL,NULL,1,Melanosiphon/Scytosiphon spp,830
seila montereyensis,seila montereyensis,quadrat,580767,World Register of Marine Species:  www.marinespecies.org,Animalia,Mollusca,Gastropoda,Caenogastropoda incertae,Cerithiopsidae,Seila,Seila montereyensis,4,Seila montereyensis,580767
semibalanus balanoides,semibalanus balanoides,NA,106210,World Register of Marine Species:  www.marinespecies.org,Animalia,Arthropoda,Thecostraca,Balanomorpha,Balanidae,Semibalanus,Semibalanus balanoides,5,Semibalanus balanoides,106210
semibalanus cariosus,semibalanus cariosus,point contact,594746,World Register of Marine Species:  www.marinespecies.org,Animalia,Arthropoda,Thecostraca,Balanomorpha,Balanidae,Semibalanus,Semibalanus cariosus,1,Semibalanus cariosus,594746
serpula columbiana,serpula columbiana,point contact,338088,World Register of Marine Species:  www.marinespecies.org,Animalia,Annelida,Polychaeta,Sabellida,Serpulidae,Serpula,Serpula columbiana,4,Serpula columbiana,338088
serpula vermicularis,serpula vermicularis,point contact,131051,World Register of Marine Species:  www.marinespecies.org,Animalia,Annelida,Polychaeta,Sabellida,Serpulidae,Serpula,Serpula vermicularis,3,Serpula vermicularis,131051
sertularella spp; sertularia spp,sertularella spp; sertularia spp,point contact,1041959,World Register of Marine Species:  www.marinespecies.org,Animalia,Cnidaria,Hydrozoa,Leptothecata,NULL,NULL,NULL,3,Sertularella/Sertularia spp,13552
sertulariidae,sertulariidae,NA,1614,World Register of Marine Species:  www.marinespecies.org,Animalia,Cnidaria,Hydrozoa,Leptothecata,Sertulariidae,NULL,NULL,5,Sertulariidae,1614
shrimp,shrimp,quadrat,1130,World Register of Marine Species:  www.marinespecies.org,Animalia,Arthropoda,Malacostraca,Decapoda,NULL,NULL,NULL,5,DROP,NA
silvetia compressa,silvetia compressa,point contact,374120,World Register of Marine Species:  www.marinespecies.org,Chromista,Ochrophyta,Phaeophyceae,Fucales,Fucaceae,Silvetia,Silvetia compressa,1,Silvetia compressa,374120
siphonaria brannii,siphonaria brannii,quadrat,575364,World Register of Marine Species:  www.marinespecies.org,Animalia,Mollusca,Gastropoda,Siphonariida,Siphonariidae,Siphonaria,Siphonaria brannani,3,Siphonaria brannani,575364
siphonaria thersites,siphonaria thersites,quadrat,581906,World Register of Marine Species:  www.marinespecies.org,Animalia,Mollusca,Gastropoda,Siphonariida,Siphonariidae,Siphonaria,Siphonaria thersites,3,Siphonaria thersites,581906
small balanus spp; semibalanus spp,small balanus spp; semibalanus spp,point contact,106057,World Register of Marine Species:  www.marinespecies.org,Animalia,Arthropoda,Thecostraca,Balanomorpha,Balanidae,NULL,NULL,5,DROP,NA
smalllimpet,smalllimpet,quadrat,101,World Register of Marine Species:  www.marinespecies.org,Animalia,Mollusca,Gastropoda,NULL,NULL,NULL,NULL,5,DROP,NA
smallmytilusspp,smallmytilusspp,point contact,138228,World Register of Marine Species:  www.marinespecies.org,Animalia,Mollusca,Bivalvia,Mytilida,Mytilidae,Mytilus,NULL,5,DROP,NA
snilimpet,snilimpet,quadrat,23118,World Register of Marine Species:  www.marinespecies.org,Animalia,Mollusca,Gastropoda,Siphonariida,Siphonariidae,NULL,NULL,5,DROP,NA
soranthera ulvoidea,soranthera ulvoidea,point contact,372521,World Register of Marine Species:  www.marinespecies.org,Chromista,Ochrophyta,Phaeophyceae,Ectocarpales,Chordariaceae,Soranthera,Soranthera ulvoidea,4,Soranthera ulvoidea,372521
sorella delicatula,sorella delicatula,point contact,372806,World Register of Marine Species:  www.marinespecies.org,Plantae,(Division) Rhodophyta,Florideophyceae,Ceramiales,Delesseriaceae,Sorella,Sorella delicatula,3,Sorella delicatula,372806
sparlingia pertusa,sparlingia pertusa,point contact,375031,World Register of Marine Species:  www.marinespecies.org,Plantae,(Division) Rhodophyta,Florideophyceae,Rhodymeniales,Rhodymeniaceae,Sparlingia,Sparlingia pertusa,4,Sparlingia pertusa,375031
sphacelaria californica,sphacelaria californica,point contact,495553,World Register of Marine Species:  www.marinespecies.org,Chromista,Ochrophyta,Phaeophyceae,Sphacelariales,Sphacelariaceae,Sphacelaria,Sphacelaria californica,3,Sphacelaria/Battersia spp,143782
sphacelaria spp; battersia spp,sphacelaria spp; battersia spp,NA,143782,World Register of Marine Species:  www.marinespecies.org,Chromista,Ochrophyta,Phaeophyceae,Sphacelariales,Sphacelariaceae,NULL,NULL,3,Sphacelaria/Battersia spp,143782
spheciospongia confoederata,spheciospongia confoederata,point contact,170531,World Register of Marine Species:  www.marinespecies.org,Animalia,Porifera,Demospongiae,Clionaida,Clionaidae,Spheciospongia,Spheciospongia confoederata,4,Spheciospongia confoederata,170531
spirobranchus spinosus,spirobranchus spinosus,point contact,334836,World Register of Marine Species:  www.marinespecies.org,Animalia,Annelida,Polychaeta,Sabellida,Serpulidae,Spirobranchus,Spirobranchus spinosus,3,Spirobranchus spinosus,334836
spirorbis spp,spirorbis spp,point contact,129642,World Register of Marine Species:  www.marinespecies.org,Animalia,Annelida,Polychaeta,Sabellida,Serpulidae,Spirorbis,NULL,1,Spirorbis spp,129642
spyridia filamentosa,spyridia filamentosa,point contact,144706,World Register of Marine Species:  www.marinespecies.org,Plantae,(Division) Rhodophyta,Florideophyceae,Ceramiales,Callithamniaceae,Spyridia,Spyridia filamentosa,3,Spyridia filamentosa,144706
stenogramme interrupta,stenogramme interrupta,point contact,145667,World Register of Marine Species:  www.marinespecies.org,Plantae,(Division) Rhodophyta,Florideophyceae,Gigartinales,Phyllophoraceae,Stenogramma,Stenogramma interruptum,3,Stenogramma interruptum,145667
stenoplax conspicua,stenoplax conspicua,quadrat,848098,World Register of Marine Species:  www.marinespecies.org,Animalia,Mollusca,Polyplacophora,Chitonida,Ischnochitonidae,Stenoplax,Stenoplax conspicua,3,Stenoplax conspicua,848098
stephanocystis dioica,stephanocystis dioica,point contact,624317,World Register of Marine Species:  www.marinespecies.org,Chromista,Ochrophyta,Phaeophyceae,Fucales,Sargassaceae,Stephanocystis,Stephanocystis dioica,1,Stephanocystis dioica,624317
stephanocystis neglecta,stephanocystis neglecta,point contact,624320,World Register of Marine Species:  www.marinespecies.org,Chromista,Ochrophyta,Phaeophyceae,Fucales,Sargassaceae,Stephanocystis,Stephanocystis neglecta,3,Stephanocystis neglecta,624320
stephanocystis osmundacea,stephanocystis osmundacea,point contact,502165,World Register of Marine Species:  www.marinespecies.org,Chromista,Ochrophyta,Phaeophyceae,Fucales,Sargassaceae,Stephanocystis,Stephanocystis osmundacea,1,Stephanocystis osmundacea,502165
stephanocystis setchellii,stephanocystis setchellii,point contact,624321,World Register of Marine Species:  www.marinespecies.org,Chromista,Ochrophyta,Phaeophyceae,Fucales,Sargassaceae,Stephanocystis,Stephanocystis setchellii,4,Stephanocystis setchellii,624321
stephanocystis spp,stephanocystis spp,NA,370250,World Register of Marine Species:  www.marinespecies.org,Chromista,Ochrophyta,Phaeophyceae,Fucales,Sargassaceae,Stephanocystis,NULL,5,Stephanocystis spp,370250
stramonita biserialis,thais biserialis,quadrat,397110,World Register of Marine Species:  www.marinespecies.org,Animalia,Mollusca,Gastropoda,Neogastropoda,Muricidae,Stramonita,Stramonita biserialis,4,Stramonita biserialis,397110
strongylocentrotus droebachiensis,strongylocentrotus droebachiensis,quadrat,124321,World Register of Marine Species:  www.marinespecies.org,Animalia,Echinodermata,Echinoidea,Camarodonta,Strongylocentrotidae,Strongylocentrotus,Strongylocentrotus droebachiensis,3,Strongylocentrotus droebachiensis,124321
strongylocentrotus purpuratus,strongylocentrotus purpuratus,quadrat,240747,World Register of Marine Species:  www.marinespecies.org,Animalia,Echinodermata,Echinoidea,Camarodonta,Strongylocentrotidae,Strongylocentrotus,Strongylocentrotus purpuratus,1,Strongylocentrotus purpuratus,240747
strongylocentrotus spp; mesocentrotus spp,strongylocentrotus spp,NA,123161,World Register of Marine Species:  www.marinespecies.org,Animalia,Echinodermata,Echinoidea,Camarodonta,Strongylocentrotidae,NULL,NULL,5,Strongylocentrotus/Mesocentrotus spp,123161
styela montereyensis,styela montereyensis,point contact,240756,World Register of Marine Species:  www.marinespecies.org,Animalia,Chordata,Ascidiacea,Stolidobranchia,Styelidae,Styela,Styela montereyensis,3,Styela montereyensis,240756
styela yakutatensis,styela yakutatensis,point contact,251422,World Register of Marine Species:  www.marinespecies.org,Animalia,Chordata,Ascidiacea,Stolidobranchia,Styelidae,Styela,Styela yakutatensis,4,Styela yakutatensis,251422
stylantheca spp,stylantheca spp,point contact,267873,World Register of Marine Species:  www.marinespecies.org,Animalia,Cnidaria,Hydrozoa,Anthoathecata,Stylasteridae,Stylantheca,NULL,3,Stylantheca spp,267873
suberites ficus,suberites ficus,point contact,134285,World Register of Marine Species:  www.marinespecies.org,Animalia,Porifera,Demospongiae,Suberitida,Suberitidae,Suberites,Suberites ficus,4,Suberites ficus,134285
suberites spp,suberites spp,NA,132072,World Register of Marine Species:  www.marinespecies.org,Animalia,Porifera,Demospongiae,Suberitida,Suberitidae,Suberites,NULL,5,Suberites spp,132072
symphyocladiella baileyi,pterosiphonia baileyi,point contact,1356569,World Register of Marine Species:  www.marinespecies.org,Plantae,(Division) Rhodophyta,Florideophyceae,Ceramiales,Rhodomelaceae,Symphyocladiella,Symphyocladiella baileyi,2,Symphyocladiella baileyi,1356569
symphyocladiella dendroidea; xiphosiphonia pennata,pterosiphonia dendroidea; pterosiphonia pennata,point contact,494009,World Register of Marine Species:  www.marinespecies.org,Plantae,(Division) Rhodophyta,Florideophyceae,Ceramiales,Rhodomelaceae,NULL,NULL,1,Symphyocladiella dendroidea/Xiphosiphonia pennata,494009
symphyocladiella gracilis,pterosiphonia gracilis,point contact,1356751,World Register of Marine Species:  www.marinespecies.org,Plantae,(Division) Rhodophyta,Florideophyceae,Ceramiales,Rhodomelaceae,Symphyocladiella,Symphyocladiella gracilis,4,Symphyocladiella gracilis,1356751
taliepus nuttallii,taliepus nuttallii,quadrat,441503,World Register of Marine Species:  www.marinespecies.org,Animalia,Arthropoda,Malacostraca,Decapoda,Epialtidae,Taliepus,Taliepus nuttallii,4,Taliepus nuttallii,441503
taonia lennebackerae,taonia lennebackerae,point contact,372695,World Register of Marine Species:  www.marinespecies.org,Chromista,Ochrophyta,Phaeophyceae,Dictyotales,Dictyotaceae,Taonia,Taonia lennebackerae,3,Taonia lennebackerae,372695
tar,tarballs or tar crust was the final classification,point contact,NULL,MARINe researchers: pacificrockyintertidal.org,NULL,NULL,NULL,NULL,NULL,NULL,NULL,1,Tar,271109
tectura paleacea,tectura paleacea,quadrat,527869,World Register of Marine Species:  www.marinespecies.org,Animalia,Mollusca,Gastropoda,NULL,Lottiidae,Tectura,Tectura paleacea,3,Tectura paleacea,527869
tectura rosacea,tectura rosacea,quadrat,527871,World Register of Marine Species:  www.marinespecies.org,Animalia,Mollusca,Gastropoda,NULL,Lottiidae,Tectura,Tectura rosacea,4,Tectura rosacea,527871
tedania obscurata,tedanione obscurata,point contact,169571,World Register of Marine Species:  www.marinespecies.org,Animalia,Porifera,Demospongiae,Poecilosclerida,Tedaniidae,Tedania,Tedania (Tedania),4,Tedania obscurata,169571
tegula aureotincta,tegula aureotincta,quadrat,534186,World Register of Marine Species:  www.marinespecies.org,Animalia,Mollusca,Gastropoda,Trochida,Tegulidae,Tegula,Tegula aureotincta,1,Tegula aureotincta,534186
tegula brunnea,tegula brunnea,quadrat,534187,World Register of Marine Species:  www.marinespecies.org,Animalia,Mollusca,Gastropoda,Trochida,Tegulidae,Tegula,Tegula brunnea,1,Tegula brunnea,534187
tegula funebralis,tegula funebralis,quadrat,534190,World Register of Marine Species:  www.marinespecies.org,Animalia,Mollusca,Gastropoda,Trochida,Tegulidae,Tegula,Tegula funebralis,1,Tegula funebralis,534190
tegula funebralis; tegula gallina,tegula funebralis; tegula gallina; only used for 2003 Baja surveys,quadrat,413467,World Register of Marine Species:  www.marinespecies.org,Animalia,Mollusca,Gastropoda,Trochida,Tegulidae,Tegula,NULL,5,DROP,NA
tegula gallina,tegula gallina,quadrat,534191,World Register of Marine Species:  www.marinespecies.org,Animalia,Mollusca,Gastropoda,Trochida,Tegulidae,Tegula,Tegula gallina,1,Tegula gallina,534191
tegula pulligo,tegula pulligo,quadrat,534194,World Register of Marine Species:  www.marinespecies.org,Animalia,Mollusca,Gastropoda,Trochida,Tegulidae,Tegula,Tegula pulligo,3,Tegula pulligo,534194
tegula spp,tegula spp,quadrat,413467,World Register of Marine Species:  www.marinespecies.org,Animalia,Mollusca,Gastropoda,Trochida,Tegulidae,Tegula,NULL,5,DROP,NA
telmessus cheiragonus,telmessus cheiragonus,quadrat,254360,World Register of Marine Species:  www.marinespecies.org,Animalia,Arthropoda,Malacostraca,Decapoda,Cheiragonidae,Telmessus,Telmessus cheiragonus,3,Telmessus cheiragonus,254360
terebellid,terebellid,point contact,154974,World Register of Marine Species:  www.marinespecies.org,Animalia,Annelida,Polychaeta,NULL,NULL,NULL,NULL,5,DROP,NA
tetraclita rubescens,tetraclita rubescens,point contact,882213,World Register of Marine Species:  www.marinespecies.org,Animalia,Arthropoda,Thecostraca,Balanomorpha,Tetraclitidae,Tetraclita,Tetraclita rubescens,1,Tetraclita rubescens,882213
thalamoporella spp,thalamoporella spp,point contact,204397,World Register of Marine Species:  www.marinespecies.org,Animalia,Bryozoa,Gymnolaemata,Cheilostomatida,Thalamoporellidae,Thalamoporella,NULL,4,Thalamoporella spp,204397
thelepus crispus,thelepus crispus,point contact,332560,World Register of Marine Species:  www.marinespecies.org,Animalia,Annelida,Polychaeta,Terebellida,Terebellidae,Thelepus,Thelepus crispus,4,Thelepus crispus,332560
thylacodes squamigerus,thylacodes squamigerus,point contact,709499,World Register of Marine Species:  www.marinespecies.org,Animalia,Mollusca,Gastropoda,Littorinimorpha,Vermetidae,Thylacodes,Thylacodes squamigerus,1,Thylacodes squamigerus,709499
tiffaniella snyderiae,tiffaniella snyderiae,point contact,372796,World Register of Marine Species:  www.marinespecies.org,Plantae,(Division) Rhodophyta,Florideophyceae,Ceramiales,Wrangeliaceae,Tiffaniella,Tiffaniella snyderae,2,Tiffaniella snyderae,372796
tomnashia luteominia,tomnashia luteominia,point contact,10710208,Global Biodiversity Information Facility (https://www.gbif.org/),Fungi,(Division) Ascomycota,Lecanoromycetes,Teloschistales,Teloschistaceae,Tomnashia,Tomnashia luteominia,5,Lichen,438309
tomnashia rosei,tomnashia rosei,point contact,10897783,Global Biodiversity Information Facility (https://www.gbif.org/),Fungi,(Division) Ascomycota,Lecanoromycetes,Teloschistales,Teloschistaceae,Tomnashia,Tomnashia rosei,5,Lichen,438309
tonicella lineata; tonicella lokii,tonicella lineata; tonicella lokii,quadrat,138090,World Register of Marine Species:  www.marinespecies.org,Animalia,Mollusca,Polyplacophora,Chitonida,Tonicellidae,Tonicella,NULL,4,Tonicella spp,138090
tonicella spp,tonicella spp,quadrat,138090,World Register of Marine Species:  www.marinespecies.org,Animalia,Mollusca,Polyplacophora,Chitonida,Tonicellidae,Tonicella,NULL,1,Tonicella spp,138090
tricellaria occidentalis,tricellaria occidentalis,point contact,395061,World Register of Marine Species:  www.marinespecies.org,Animalia,Bryozoa,Gymnolaemata,Cheilostomatida,Candidae,Tricellaria,Tricellaria occidentalis,4,Tricellaria occidentalis,395061
tricellaria spp,tricellaria spp,NA,110868,World Register of Marine Species:  www.marinespecies.org,Animalia,Bryozoa,Gymnolaemata,Cheilostomatida,Candidae,Tricellaria,NULL,5,Tricellaria spp,110868
tricellaria ternata,tricellaria ternata,point contact,111256,World Register of Marine Species:  www.marinespecies.org,Animalia,Bryozoa,Gymnolaemata,Cheilostomatida,Candidae,Tricellaria,Tricellaria ternata,4,Tricellaria ternata,111256
trichotropsis cancellata,trichotropis cancellata,quadrat,580665,World Register of Marine Species:  www.marinespecies.org,Animalia,Mollusca,Gastropoda,Littorinimorpha,Capulidae,Trichotropis,Trichotropis cancellata,3,Trichotropis cancellata,580665
trimusculus reticulatus,trimusculus reticulatus,quadrat,414592,World Register of Marine Species:  www.marinespecies.org,Animalia,Mollusca,Gastropoda,Ellobiida,Trimusculidae,Trimusculus,Trimusculus reticulatus,4,Trimusculus reticulatus,414592
triopha catalinae,triopha catalinae,quadrat,531258,World Register of Marine Species:  www.marinespecies.org,Animalia,Mollusca,Gastropoda,Nudibranchia,Polyceridae,Triopha,Triopha catalinae,4,Triopha catalinae,531258
tubeworm,tubeworm,point contact,882,World Register of Marine Species:  www.marinespecies.org,Animalia,Annelida,NULL,NULL,NULL,NULL,NULL,5,DROP,NA
tubularia spp,tubularia spp,NA,117258,World Register of Marine Species:  www.marinespecies.org,Animalia,Cnidaria,Hydrozoa,Anthoathecata,Tubulariidae,Tubularia,NULL,5,Tubularia spp,117258
turnerella mertensiana,turnerella mertensiana,point contact,372268,World Register of Marine Species:  www.marinespecies.org,Plantae,Rhodophyta,Florideophyceae,Gigartinales,Furcellariaceae,Turnerella,Turnerella mertensiana,3,Turnerella mertensiana,372268
ulothrix spp,ulothrix spp,point contact,144287,World Register of Marine Species:  www.marinespecies.org,Plantae,(Division) Chlorophyta,Ulvophyceae,Ulotrichales,Ulotrichaceae,Ulothrix,NULL,3,Ulothrix spp,144287
ulva spp; enteromorpha spp; kornmannia spp; monostroma spp,ulva spp; enteromorpha spp; kornmannia spp; monostroma spp,point contact,146216,World Register of Marine Species:  www.marinespecies.org,Plantae,(Division) Chlorophyta,Ulvophyceae,NULL,NULL,NULL,NULL,1,Ulvophyceae,146216
undaria pinnatifida,undaria pinnatifida,point contact,145721,World Register of Marine Species:  www.marinespecies.org,Chromista,Ochrophyta,Phaeophyceae,Laminariales,Alariaceae,Undaria,Undaria pinnatifida,3,Undaria pinnatifida,145721
undetermined,an organism that could not be identified in the field; was brought back as a voucher; and has not yet been identified,NA,NULL,MARINe researchers: pacificrockyintertidal.org,NULL,NULL,NULL,NULL,NULL,NULL,NULL,5,DROP,NA
unknown sea star,unknown sea star,swath,123080,World Register of Marine Species:  www.marinespecies.org,Animalia,Echinodermata,Asteroidea,NULL,NULL,NULL,NULL,5,DROP,NA
urosalpinx cinerea,urosalpinx cinerea,quadrat,140429,World Register of Marine Species:  www.marinespecies.org,Animalia,Mollusca,Gastropoda,Neogastropoda,Muricidae,Urosalpinx,Urosalpinx cinerea,4,Urosalpinx cinerea,140429
urosalpinx subangulata,ocenebra subangulata,quadrat,404109,World Register of Marine Species:  www.marinespecies.org,Animalia,Mollusca,Gastropoda,Neogastropoda,Muricidae,Urosalpinx,Urosalpinx subangulata,3,Urosalpinx subangulata,404109
urospora spp,urospora spp,point contact,143805,World Register of Marine Species:  www.marinespecies.org,Plantae,(Division) Chlorophyta,Ulvophyceae,Ulotrichales,Ulotrichaceae,Urospora,NULL,3,Urospora spp,143805
urticina coriacea,urticina coriacea,point contact,283441,World Register of Marine Species:  www.marinespecies.org,Animalia,Cnidaria,Hexacorallia,Actiniaria,Actiniidae,Urticina,Urticina coriacea,3,Urticina coriacea,283441
urticina crassicornis,urticina crassicornis,point contact,100832,World Register of Marine Species:  www.marinespecies.org,Animalia,Cnidaria,Hexacorallia,Actiniaria,Actiniidae,Urticina,Urticina crassicornis,3,Urticina crassicornis,100832
urticina eques,urticina eques,point contact,100833,World Register of Marine Species:  www.marinespecies.org,Animalia,Cnidaria,Hexacorallia,Actiniaria,Actiniidae,Urticina,Urticina eques,4,Urticina eques,100833
urticina grebelnyi,urticina grebelnyi,point contact,283442,World Register of Marine Species:  www.marinespecies.org,Animalia,Cnidaria,Hexacorallia,Actiniaria,Tealidae,Urticina,Urticina grebelnyi,4,Urticina grebelnyi,283442
velella velella,velella velella,NA,117832,World Register of Marine Species:  www.marinespecies.org,Animalia,Cnidaria,Hydrozoa,Anthoathecata,Porpitidae,Velella,Velella velella,4,Velella velella,117832
veleroa subulata,veleroa subulata,point contact,372826,World Register of Marine Species:  www.marinespecies.org,Plantae,(Division) Rhodophyta,Florideophyceae,Ceramiales,Rhodomelaceae,Veleroa,Veleroa subulata,3,Veleroa subulata,372826
velutina plicatilis,velutina plicatilis,quadrat,141902,World Register of Marine Species:  www.marinespecies.org,Animalia,Mollusca,Gastropoda,Littorinimorpha,Velutinidae,Velutina,Velutina plicatilis,4,Velutina plicatilis,141902
velutina spp,velutina spp,NA,138631,World Register of Marine Species:  www.marinespecies.org,Animalia,Mollusca,Gastropoda,Littorinimorpha,Velutinidae,Velutina,NULL,5,Velutina spp,138631
velutina velutina,velutina velutina,quadrat,141905,World Register of Marine Species:  www.marinespecies.org,Animalia,Mollusca,Gastropoda,Littorinimorpha,Velutinidae,Velutina,Velutina velutina,4,Velutina velutina,141905
verrucaria maura,verrucaria maura,point contact,147758,World Register of Marine Species:  www.marinespecies.org,Fungi,(Division) Ascomycota,Eurotiomycetes,Verrucariales,Verrucariaceae,Verrucaria,Verrucaria maura,3,Verrucaria maura,147758
vertebrata hendryi,vertebrata hendryi,point contact,1347895,World Register of Marine Species:  www.marinespecies.org,Plantae,(Division) Rhodophyta,Florideophyceae,Ceramiales,Rhodomelaceae,Vertebrata,Vertebrata hendryi,3,Polysiphonia/Eutrichosiphonia/Leptosiphonia/Vertebrata spp,143674
volvarina taeniolata,volvarina taeniolata,quadrat,474076,World Register of Marine Species:  www.marinespecies.org,Animalia,Mollusca,Gastropoda,Neogastropoda,Marginellidae,Volvarina,Volvarina taeniolata,4,Volvarina taeniolata,474076
watersipora spp,watersipora spp,point contact,110991,World Register of Marine Species:  www.marinespecies.org,Animalia,Bryozoa,Gymnolaemata,Cheilostomatida,Watersiporidae,Watersipora,NULL,4,Watersipora spp,110991
williamia peltoides,williamia peltoides,quadrat,559235,World Register of Marine Species:  www.marinespecies.org,Animalia,Mollusca,Gastropoda,Siphonariida,Siphonariidae,Williamia,Williamia peltoides,4,Williamia peltoides,559235
xingyurella turgida,xingyurella turgida,point contact,1301218,World Register of Marine Species:  www.marinespecies.org,Animalia,Cnidaria,Hydrozoa,Leptothecata,Sertularellidae,Xingyurella,Xingyurella turgida,3,Xingyurella turgida,1301218
zonaria farlowii,zonaria farlowii,point contact,372696,World Register of Marine Species:  www.marinespecies.org,Chromista,Ochrophyta,Phaeophyceae,Dictyotales,Dictyotaceae,Zonaria,Zonaria farlowii,2,Zonaria farlowii,372696
zostera spp,zostera spp,point contact,144233,World Register of Marine Species:  www.marinespecies.org,Plantae,(Division) Tracheophyta,Magnoliopsida,Alismatales,Zosteraceae,Zostera,NULL,3,Zostera spp,144233
